plume_id,source,name,state,modifiedTime,exported_at
ang20170901t220350-D,gee_task,ang20170901t220350-D_s2,READY,,2026-01-12T21:03:56Z
GAO20210810t174326p0000-B,gee_task,GAO20210810t174326p0000-B_s2,READY,,2026-01-12T21:03:56Z
ang20170901t220350-A,gee_task,ang20170901t220350-A_s2,READY,,2026-01-12T21:03:56Z
GAO20210810t174326p0000-A,gee_task,GAO20210810t174326p0000-A_s2,READY,,2026-01-12T21:03:56Z
ang20170901t212236-A,gee_task,ang20170901t212236-A_s2,READY,,2026-01-12T21:03:56Z
GAO20210810t172757p0000-G,gee_task,GAO20210810t172757p0000-G_s2,READY,,2026-01-12T21:03:56Z
ang20170901t211100-C,gee_task,ang20170901t211100-C_s2,READY,,2026-01-12T21:03:56Z
GAO20210810t172757p0000-F,gee_task,GAO20210810t172757p0000-F_s2,READY,,2026-01-12T21:03:56Z
ang20170901t211100-A,gee_task,ang20170901t211100-A_s2,READY,,2026-01-12T21:03:56Z
GAO20210810t172757p0000-E,gee_task,GAO20210810t172757p0000-E_s2,READY,,2026-01-12T21:03:56Z
ang20170901t204654-A,gee_task,ang20170901t204654-A_s2,READY,,2026-01-12T21:03:56Z
ang20170901t203520-B,gee_task,ang20170901t203520-B_s2,READY,,2026-01-12T21:03:56Z
GAO20210810t172757p0000-D,gee_task,GAO20210810t172757p0000-D_s2,READY,,2026-01-12T21:03:56Z
ang20170901t202358-C,gee_task,ang20170901t202358-C_s2,READY,,2026-01-12T21:03:56Z
GAO20210810t172757p0000-C,gee_task,GAO20210810t172757p0000-C_s2,READY,,2026-01-12T21:03:56Z
ang20170901t202358-B,gee_task,ang20170901t202358-B_s2,READY,,2026-01-12T21:03:56Z
GAO20210810t172757p0000-B,gee_task,GAO20210810t172757p0000-B_s2,READY,,2026-01-12T21:03:56Z
ang20170901t202358-A,gee_task,ang20170901t202358-A_s2,READY,,2026-01-12T21:03:56Z
GAO20210810t172757p0000-A,gee_task,GAO20210810t172757p0000-A_s2,READY,,2026-01-12T21:03:56Z
GAO20210810t170955p0000-D,gee_task,GAO20210810t170955p0000-D_s2,READY,,2026-01-12T21:03:56Z
ang20170901t201246-C,gee_task,ang20170901t201246-C_s2,READY,,2026-01-12T21:03:56Z
GAO20210810t170955p0000-C,gee_task,GAO20210810t170955p0000-C_s2,READY,,2026-01-12T21:03:56Z
ang20170901t201246-A,gee_task,ang20170901t201246-A_s2,READY,,2026-01-12T21:03:56Z
GAO20210810t170955p0000-B,gee_task,GAO20210810t170955p0000-B_s2,READY,,2026-01-12T21:03:56Z
ang20170901t185046-A,gee_task,ang20170901t185046-A_s2,READY,,2026-01-12T21:03:56Z
GAO20210810t170955p0000-A,gee_task,GAO20210810t170955p0000-A_s2,READY,,2026-01-12T21:03:56Z
GAO20210810t163525p0000-C,gee_task,GAO20210810t163525p0000-C_s2,READY,,2026-01-12T21:03:56Z
ang20170901t184141-C,gee_task,ang20170901t184141-C_s2,READY,,2026-01-12T21:03:56Z
GAO20210810t163525p0000-B,gee_task,GAO20210810t163525p0000-B_s2,READY,,2026-01-12T21:03:56Z
ang20170901t184141-A,gee_task,ang20170901t184141-A_s2,READY,,2026-01-12T21:03:56Z
GAO20210810t163525p0000-A,gee_task,GAO20210810t163525p0000-A_s2,READY,,2026-01-12T21:03:56Z
ang20170901t183704-C,gee_task,ang20170901t183704-C_s2,READY,,2026-01-12T21:03:56Z
GAO20210810t161932p0000-D,gee_task,GAO20210810t161932p0000-D_s2,READY,,2026-01-12T21:03:56Z
GAO20210810t161932p0000-C,gee_task,GAO20210810t161932p0000-C_s2,READY,,2026-01-12T21:03:56Z
ang20170901t183704-B,gee_task,ang20170901t183704-B_s2,READY,,2026-01-12T21:03:56Z
ang20170901t182257-A,gee_task,ang20170901t182257-A_s2,READY,,2026-01-12T21:03:56Z
GAO20210810t161932p0000-B,gee_task,GAO20210810t161932p0000-B_s2,READY,,2026-01-12T21:03:56Z
ang20170616t202241-A,gee_task,ang20170616t202241-A_s2,READY,,2026-01-12T21:03:56Z
ang20170616t201635-C,gee_task,ang20170616t201635-C_s2,READY,,2026-01-12T21:03:56Z
GAO20210810t161932p0000-A,gee_task,GAO20210810t161932p0000-A_s2,READY,,2026-01-12T21:03:56Z
ang20170616t200614-D,gee_task,ang20170616t200614-D_s2,READY,,2026-01-12T21:03:56Z
GAO20210810t160102p0000-E,gee_task,GAO20210810t160102p0000-E_s2,READY,,2026-01-12T21:03:56Z
ang20170616t200614-C,gee_task,ang20170616t200614-C_s2,READY,,2026-01-12T21:03:56Z
GAO20210810t160102p0000-D,gee_task,GAO20210810t160102p0000-D_s2,READY,,2026-01-12T21:03:56Z
ang20170616t200614-B,gee_task,ang20170616t200614-B_s2,READY,,2026-01-12T21:03:56Z
GAO20210810t160102p0000-C,gee_task,GAO20210810t160102p0000-C_s2,READY,,2026-01-12T21:03:56Z
ang20170616t200614-A,gee_task,ang20170616t200614-A_s2,READY,,2026-01-12T21:03:56Z
GAO20210810t160102p0000-B,gee_task,GAO20210810t160102p0000-B_s2,READY,,2026-01-12T21:03:56Z
ang20170616t195956-E,gee_task,ang20170616t195956-E_s2,READY,,2026-01-12T21:03:56Z
GAO20210810t160102p0000-A,gee_task,GAO20210810t160102p0000-A_s2,READY,,2026-01-12T21:03:56Z
ang20170616t195956-A,gee_task,ang20170616t195956-A_s2,READY,,2026-01-12T21:03:56Z
GAO20210810t154501p0000-G,gee_task,GAO20210810t154501p0000-G_s2,READY,,2026-01-12T21:03:56Z
ang20170616t194729-B,gee_task,ang20170616t194729-B_s2,READY,,2026-01-12T21:03:56Z
GAO20210810t154501p0000-F,gee_task,GAO20210810t154501p0000-F_s2,READY,,2026-01-12T21:03:56Z
ang20161006t200146-A,gee_task,ang20161006t200146-A_s2,READY,,2026-01-12T21:03:56Z
GAO20210810t154501p0000-E,gee_task,GAO20210810t154501p0000-E_s2,READY,,2026-01-12T21:03:56Z
ang20161006t184812-A,gee_task,ang20161006t184812-A_s2,READY,,2026-01-12T21:03:56Z
GAO20210810t154501p0000-D,gee_task,GAO20210810t154501p0000-D_s2,READY,,2026-01-12T21:03:56Z
ang20161006t181839-B,gee_task,ang20161006t181839-B_s2,READY,,2026-01-12T21:03:56Z
GAO20210810t154501p0000-C,gee_task,GAO20210810t154501p0000-C_s2,READY,,2026-01-12T21:03:56Z
ang20161006t180917-C,gee_task,ang20161006t180917-C_s2,READY,,2026-01-12T21:03:56Z
ang20161006t180917-B,gee_task,ang20161006t180917-B_s2,READY,,2026-01-12T21:03:56Z
GAO20210810t154501p0000-B,gee_task,GAO20210810t154501p0000-B_s2,READY,,2026-01-12T21:03:56Z
ang20161006t180917-A,gee_task,ang20161006t180917-A_s2,READY,,2026-01-12T21:03:56Z
GAO20210810t154501p0000-A,gee_task,GAO20210810t154501p0000-A_s2,READY,,2026-01-12T21:03:56Z
GAO20210810t152557p0001-B,gee_task,GAO20210810t152557p0001-B_s2,READY,,2026-01-12T21:03:56Z
ang20161006t175913-A,gee_task,ang20161006t175913-A_s2,READY,,2026-01-12T21:03:56Z
ang20160919t211311-A,gee_task,ang20160919t211311-A_s2,READY,,2026-01-12T21:03:56Z
ang20160919t205955-C,gee_task,ang20160919t205955-C_s2,READY,,2026-01-12T21:03:56Z
GAO20210810t152557p0001-A,gee_task,GAO20210810t152557p0001-A_s2,READY,,2026-01-12T21:03:56Z
ang20160919t205955-B,gee_task,ang20160919t205955-B_s2,READY,,2026-01-12T21:03:56Z
GAO20210810t152557p0000-B,gee_task,GAO20210810t152557p0000-B_s2,READY,,2026-01-12T21:03:56Z
ang20160919t205955-A,gee_task,ang20160919t205955-A_s2,READY,,2026-01-12T21:03:56Z
GAO20210810t152557p0000-A,gee_task,GAO20210810t152557p0000-A_s2,READY,,2026-01-12T21:03:56Z
ang20160919t204619-D,gee_task,ang20160919t204619-D_s2,READY,,2026-01-12T21:03:56Z
ang20160919t204619-A,gee_task,ang20160919t204619-A_s2,READY,,2026-01-12T21:03:56Z
GAO20210803t152342p0000-A,gee_task,GAO20210803t152342p0000-A_s2,READY,,2026-01-12T21:03:56Z
ang20160919t203241-A,gee_task,ang20160919t203241-A_s2,READY,,2026-01-12T21:03:56Z
GAO20210731t182953p0000-F,gee_task,GAO20210731t182953p0000-F_s2,READY,,2026-01-12T21:03:56Z
ang20160919t193800-A,gee_task,ang20160919t193800-A_s2,READY,,2026-01-12T21:03:56Z
GAO20210731t182953p0000-E,gee_task,GAO20210731t182953p0000-E_s2,READY,,2026-01-12T21:03:56Z
ang20160919t182830-B,gee_task,ang20160919t182830-B_s2,READY,,2026-01-12T21:03:56Z
GAO20210731t182953p0000-D,gee_task,GAO20210731t182953p0000-D_s2,READY,,2026-01-12T21:03:56Z
ang20160919t182830-A,gee_task,ang20160919t182830-A_s2,READY,,2026-01-12T21:03:56Z
ang20160916t221543-D,gee_task,ang20160916t221543-D_s2,READY,,2026-01-12T21:03:56Z
GAO20210731t182953p0000-C,gee_task,GAO20210731t182953p0000-C_s2,READY,,2026-01-12T21:03:56Z
GAO20210731t182953p0000-B,gee_task,GAO20210731t182953p0000-B_s2,READY,,2026-01-12T21:03:56Z
ang20160916t221543-C,gee_task,ang20160916t221543-C_s2,READY,,2026-01-12T21:03:56Z
GAO20240611t224700p0000-F,gee_task,GAO20240611t224700p0000-F_s2,READY,,2026-01-12T21:03:56Z
GAO20210731t182953p0000-A,gee_task,GAO20210731t182953p0000-A_s2,READY,,2026-01-12T21:03:56Z
GAO20210731t180932p0000-D,gee_task,GAO20210731t180932p0000-D_s2,READY,,2026-01-12T21:03:56Z
GAO20210731t180932p0000-C,gee_task,GAO20210731t180932p0000-C_s2,READY,,2026-01-12T21:03:56Z
GAO20240611t224700p0000-C,gee_task,GAO20240611t224700p0000-C_s2,READY,,2026-01-12T21:03:56Z
GAO20210731t180932p0000-B,gee_task,GAO20210731t180932p0000-B_s2,READY,,2026-01-12T21:03:56Z
GAO20210731t180932p0000-A,gee_task,GAO20210731t180932p0000-A_s2,READY,,2026-01-12T21:03:56Z
GAO20240611t224700p0000-B,gee_task,GAO20240611t224700p0000-B_s2,READY,,2026-01-12T21:03:56Z
GAO20240611t224700p0000-A,gee_task,GAO20240611t224700p0000-A_s2,READY,,2026-01-12T21:03:56Z
GAO20210731t175256p0000-D,gee_task,GAO20210731t175256p0000-D_s2,READY,,2026-01-12T21:03:56Z
GAO20240611t224204p0000-D,gee_task,GAO20240611t224204p0000-D_s2,READY,,2026-01-12T21:03:56Z
GAO20210731t175256p0000-C,gee_task,GAO20210731t175256p0000-C_s2,READY,,2026-01-12T21:03:56Z
GAO20210731t175256p0000-B,gee_task,GAO20210731t175256p0000-B_s2,READY,,2026-01-12T21:03:56Z
GAO20240611t224204p0000-C,gee_task,GAO20240611t224204p0000-C_s2,READY,,2026-01-12T21:03:56Z
GAO20210731t175256p0000-A,gee_task,GAO20210731t175256p0000-A_s2,READY,,2026-01-12T21:03:56Z
GAO20240611t224204p0000-A,gee_task,GAO20240611t224204p0000-A_s2,READY,,2026-01-12T21:03:56Z
GAO20210731t174641p0000-B,gee_task,GAO20210731t174641p0000-B_s2,READY,,2026-01-12T21:03:56Z
GAO20240611t223539p0000-B,gee_task,GAO20240611t223539p0000-B_s2,READY,,2026-01-12T21:03:56Z
GAO20210731t174641p0000-A,gee_task,GAO20210731t174641p0000-A_s2,READY,,2026-01-12T21:03:56Z
GAO20240611t223539p0000-A,gee_task,GAO20240611t223539p0000-A_s2,READY,,2026-01-12T21:03:56Z
GAO20210731t174039p0000-A,gee_task,GAO20210731t174039p0000-A_s2,READY,,2026-01-12T21:03:56Z
GAO20240611t222905p0000-E,gee_task,GAO20240611t222905p0000-E_s2,READY,,2026-01-12T21:03:56Z
GAO20210731t173438p0000-A,gee_task,GAO20210731t173438p0000-A_s2,READY,,2026-01-12T21:03:56Z
GAO20240611t222905p0000-C,gee_task,GAO20240611t222905p0000-C_s2,READY,,2026-01-12T21:03:56Z
GAO20240611t222905p0000-A,gee_task,GAO20240611t222905p0000-A_s2,READY,,2026-01-12T21:03:56Z
GAO20210731t172837p0000-A,gee_task,GAO20210731t172837p0000-A_s2,READY,,2026-01-12T21:03:56Z
GAO20240611t222106p0000-F,gee_task,GAO20240611t222106p0000-F_s2,READY,,2026-01-12T21:03:56Z
GAO20210731t172240p0000-C,gee_task,GAO20210731t172240p0000-C_s2,READY,,2026-01-12T21:03:56Z
GAO20240611t222106p0000-E,gee_task,GAO20240611t222106p0000-E_s2,READY,,2026-01-12T21:03:56Z
GAO20210731t172240p0000-B,gee_task,GAO20210731t172240p0000-B_s2,READY,,2026-01-12T21:03:56Z
GAO20240611t222106p0000-D,gee_task,GAO20240611t222106p0000-D_s2,READY,,2026-01-12T21:03:56Z
GAO20210731t172240p0000-A,gee_task,GAO20210731t172240p0000-A_s2,READY,,2026-01-12T21:03:56Z
GAO20240611t222106p0000-C,gee_task,GAO20240611t222106p0000-C_s2,READY,,2026-01-12T21:03:56Z
GAO20210731t171658p0000-A,gee_task,GAO20210731t171658p0000-A_s2,READY,,2026-01-12T21:03:56Z
GAO20240611t222106p0000-B,gee_task,GAO20240611t222106p0000-B_s2,READY,,2026-01-12T21:03:56Z
GAO20210731t171049p0000-C,gee_task,GAO20210731t171049p0000-C_s2,READY,,2026-01-12T21:03:56Z
GAO20240611t221549p0000-D,gee_task,GAO20240611t221549p0000-D_s2,READY,,2026-01-12T21:03:56Z
GAO20210731t171049p0000-B,gee_task,GAO20210731t171049p0000-B_s2,READY,,2026-01-12T21:03:56Z
GAO20240611t221549p0000-A,gee_task,GAO20240611t221549p0000-A_s2,READY,,2026-01-12T21:03:56Z
GAO20210731t171049p0000-A,gee_task,GAO20210731t171049p0000-A_s2,READY,,2026-01-12T21:03:56Z
GAO20240611t220924p0000-C,gee_task,GAO20240611t220924p0000-C_s2,READY,,2026-01-12T21:03:56Z
GAO20210731t170453p0000-D,gee_task,GAO20210731t170453p0000-D_s2,READY,,2026-01-12T21:03:56Z
GAO20240611t220924p0000-A,gee_task,GAO20240611t220924p0000-A_s2,READY,,2026-01-12T21:03:56Z
GAO20210731t170453p0000-B,gee_task,GAO20210731t170453p0000-B_s2,READY,,2026-01-12T21:03:56Z
GAO20240611t220309p0000-D,gee_task,GAO20240611t220309p0000-D_s2,READY,,2026-01-12T21:03:56Z
GAO20240611t220309p0000-C,gee_task,GAO20240611t220309p0000-C_s2,READY,,2026-01-12T21:03:56Z
GAO20210731t170453p0000-A,gee_task,GAO20210731t170453p0000-A_s2,READY,,2026-01-12T21:03:56Z
GAO20240611t220309p0000-B,gee_task,GAO20240611t220309p0000-B_s2,READY,,2026-01-12T21:03:56Z
GAO20210731t165844p0000-H,gee_task,GAO20210731t165844p0000-H_s2,READY,,2026-01-12T21:03:56Z
GAO20240611t215500p0000-H,gee_task,GAO20240611t215500p0000-H_s2,READY,,2026-01-12T21:03:56Z
GAO20210731t165844p0000-G,gee_task,GAO20210731t165844p0000-G_s2,READY,,2026-01-12T21:03:56Z
GAO20240611t215500p0000-F,gee_task,GAO20240611t215500p0000-F_s2,READY,,2026-01-12T21:03:56Z
GAO20210731t165844p0000-F,gee_task,GAO20210731t165844p0000-F_s2,READY,,2026-01-12T21:03:56Z
GAO20240611t215500p0000-C,gee_task,GAO20240611t215500p0000-C_s2,READY,,2026-01-12T21:03:56Z
GAO20210731t165844p0000-E,gee_task,GAO20210731t165844p0000-E_s2,READY,,2026-01-12T21:03:56Z
GAO20240611t215500p0000-B,gee_task,GAO20240611t215500p0000-B_s2,READY,,2026-01-12T21:03:56Z
GAO20210731t165844p0000-D,gee_task,GAO20210731t165844p0000-D_s2,READY,,2026-01-12T21:03:56Z
GAO20240611t215500p0000-A,gee_task,GAO20240611t215500p0000-A_s2,READY,,2026-01-12T21:03:56Z
GAO20240611t215009p0000-F,gee_task,GAO20240611t215009p0000-F_s2,READY,,2026-01-12T21:03:56Z
GAO20210731t165844p0000-C,gee_task,GAO20210731t165844p0000-C_s2,READY,,2026-01-12T21:03:56Z
GAO20240611t215009p0000-E,gee_task,GAO20240611t215009p0000-E_s2,READY,,2026-01-12T21:03:56Z
GAO20210731t165844p0000-B,gee_task,GAO20210731t165844p0000-B_s2,READY,,2026-01-12T21:03:56Z
GAO20240611t215009p0000-D,gee_task,GAO20240611t215009p0000-D_s2,READY,,2026-01-12T21:03:56Z
GAO20210731t165844p0000-A,gee_task,GAO20210731t165844p0000-A_s2,READY,,2026-01-12T21:03:56Z
GAO20240611t215009p0000-A,gee_task,GAO20240611t215009p0000-A_s2,READY,,2026-01-12T21:03:56Z
GAO20210731t165305p0000-B,gee_task,GAO20210731t165305p0000-B_s2,READY,,2026-01-12T21:03:56Z
GAO20240611t214309p0000-B,gee_task,GAO20240611t214309p0000-B_s2,READY,,2026-01-12T21:03:56Z
GAO20240611t214309p0000-A,gee_task,GAO20240611t214309p0000-A_s2,READY,,2026-01-12T21:03:56Z
GAO20210731t164049p0000-B,gee_task,GAO20210731t164049p0000-B_s2,READY,,2026-01-12T21:03:56Z
GAO20240611t213705p0000-E,gee_task,GAO20240611t213705p0000-E_s2,READY,,2026-01-12T21:03:56Z
GAO20210731t164049p0000-A,gee_task,GAO20210731t164049p0000-A_s2,READY,,2026-01-12T21:03:56Z
GAO20240611t213705p0000-D,gee_task,GAO20240611t213705p0000-D_s2,READY,,2026-01-12T21:03:56Z
GAO20210731t163422p0000-A,gee_task,GAO20210731t163422p0000-A_s2,READY,,2026-01-12T21:03:56Z
GAO20240611t213705p0000-B,gee_task,GAO20240611t213705p0000-B_s2,READY,,2026-01-12T21:03:56Z
GAO20210731t162821p0000-C,gee_task,GAO20210731t162821p0000-C_s2,READY,,2026-01-12T21:03:56Z
GAO20240611t213705p0000-A,gee_task,GAO20240611t213705p0000-A_s2,READY,,2026-01-12T21:03:56Z
GAO20210731t162821p0000-B,gee_task,GAO20210731t162821p0000-B_s2,READY,,2026-01-12T21:03:56Z
GAO20240611t212911p0000-D,gee_task,GAO20240611t212911p0000-D_s2,READY,,2026-01-12T21:03:56Z
GAO20210731t162821p0000-A,gee_task,GAO20210731t162821p0000-A_s2,READY,,2026-01-12T21:03:56Z
GAO20240611t212911p0000-C,gee_task,GAO20240611t212911p0000-C_s2,READY,,2026-01-12T21:03:56Z
GAO20210729t193342p0000-A,gee_task,GAO20210729t193342p0000-A_s2,READY,,2026-01-12T21:03:56Z
GAO20240611t212911p0000-B,gee_task,GAO20240611t212911p0000-B_s2,READY,,2026-01-12T21:03:56Z
GAO20210729t193009p0000-A,gee_task,GAO20210729t193009p0000-A_s2,READY,,2026-01-12T21:03:56Z
GAO20240611t212911p0000-A,gee_task,GAO20240611t212911p0000-A_s2,READY,,2026-01-12T21:03:56Z
GAO20210729t191616p0000-A,gee_task,GAO20210729t191616p0000-A_s2,READY,,2026-01-12T21:03:56Z
GAO20240611t212434p0000-H,gee_task,GAO20240611t212434p0000-H_s2,READY,,2026-01-12T21:03:56Z
GAO20240611t212434p0000-F,gee_task,GAO20240611t212434p0000-F_s2,READY,,2026-01-12T21:03:56Z
GAO20210729t191348p0000-A,gee_task,GAO20210729t191348p0000-A_s2,READY,,2026-01-12T21:03:56Z
GAO20210729t184416p0000-A,gee_task,GAO20210729t184416p0000-A_s2,READY,,2026-01-12T21:03:56Z
GAO20240611t212434p0000-E,gee_task,GAO20240611t212434p0000-E_s2,READY,,2026-01-12T21:03:56Z
GAO20210729t183743p0000-A,gee_task,GAO20210729t183743p0000-A_s2,READY,,2026-01-12T21:03:56Z
GAO20240611t212434p0000-C,gee_task,GAO20240611t212434p0000-C_s2,READY,,2026-01-12T21:03:56Z
GAO20240611t212434p0000-B,gee_task,GAO20240611t212434p0000-B_s2,READY,,2026-01-12T21:03:56Z
GAO20240611t212434p0000-A,gee_task,GAO20240611t212434p0000-A_s2,READY,,2026-01-12T21:03:56Z
GAO20210729t182129p0000-A,gee_task,GAO20210729t182129p0000-A_s2,READY,,2026-01-12T21:03:56Z
GAO20240611t211739p0000-B,gee_task,GAO20240611t211739p0000-B_s2,READY,,2026-01-12T21:03:56Z
GAO20210729t181213p0000-I,gee_task,GAO20210729t181213p0000-I_s2,READY,,2026-01-12T21:03:56Z
GAO20240611t211739p0000-A,gee_task,GAO20240611t211739p0000-A_s2,READY,,2026-01-12T21:03:56Z
GAO20210729t181213p0000-H,gee_task,GAO20210729t181213p0000-H_s2,READY,,2026-01-12T21:03:56Z
GAO20240611t211114p0000-E,gee_task,GAO20240611t211114p0000-E_s2,READY,,2026-01-12T21:03:56Z
GAO20210729t181213p0000-G,gee_task,GAO20210729t181213p0000-G_s2,READY,,2026-01-12T21:03:56Z
GAO20240611t211114p0000-D,gee_task,GAO20240611t211114p0000-D_s2,READY,,2026-01-12T21:03:56Z
GAO20210729t181213p0000-F,gee_task,GAO20210729t181213p0000-F_s2,READY,,2026-01-12T21:03:56Z
GAO20240611t211114p0000-C,gee_task,GAO20240611t211114p0000-C_s2,READY,,2026-01-12T21:03:56Z
GAO20210729t181213p0000-E,gee_task,GAO20210729t181213p0000-E_s2,READY,,2026-01-12T21:03:56Z
GAO20240611t211114p0000-B,gee_task,GAO20240611t211114p0000-B_s2,READY,,2026-01-12T21:03:56Z
GAO20210729t181213p0000-D,gee_task,GAO20210729t181213p0000-D_s2,READY,,2026-01-12T21:03:56Z
GAO20240611t211114p0000-A,gee_task,GAO20240611t211114p0000-A_s2,READY,,2026-01-12T21:03:56Z
GAO20210729t181213p0000-C,gee_task,GAO20210729t181213p0000-C_s2,READY,,2026-01-12T21:03:56Z
GAO20240611t210319p0000-F,gee_task,GAO20240611t210319p0000-F_s2,READY,,2026-01-12T21:03:56Z
GAO20210729t181213p0000-B,gee_task,GAO20210729t181213p0000-B_s2,READY,,2026-01-12T21:03:56Z
GAO20240611t210319p0000-C,gee_task,GAO20240611t210319p0000-C_s2,READY,,2026-01-12T21:03:56Z
GAO20240611t210319p0000-B,gee_task,GAO20240611t210319p0000-B_s2,READY,,2026-01-12T21:03:56Z
GAO20210729t181213p0000-A,gee_task,GAO20210729t181213p0000-A_s2,READY,,2026-01-12T21:03:56Z
GAO20240611t210319p0000-A,gee_task,GAO20240611t210319p0000-A_s2,READY,,2026-01-12T21:03:56Z
GAO20210729t175918p0000-E,gee_task,GAO20210729t175918p0000-E_s2,READY,,2026-01-12T21:03:56Z
GAO20210729t175918p0000-D,gee_task,GAO20210729t175918p0000-D_s2,READY,,2026-01-12T21:03:56Z
GAO20240611t205814p0000-F,gee_task,GAO20240611t205814p0000-F_s2,READY,,2026-01-12T21:03:56Z
GAO20210729t175918p0000-C,gee_task,GAO20210729t175918p0000-C_s2,READY,,2026-01-12T21:03:56Z
GAO20240611t205814p0000-D,gee_task,GAO20240611t205814p0000-D_s2,READY,,2026-01-12T21:03:56Z
GAO20210729t175918p0000-B,gee_task,GAO20210729t175918p0000-B_s2,READY,,2026-01-12T21:03:56Z
GAO20240611t205814p0000-B,gee_task,GAO20240611t205814p0000-B_s2,READY,,2026-01-12T21:03:56Z
GAO20240611t205814p0000-A,gee_task,GAO20240611t205814p0000-A_s2,READY,,2026-01-12T21:03:56Z
GAO20210729t175918p0000-A,gee_task,GAO20210729t175918p0000-A_s2,READY,,2026-01-12T21:03:56Z
GAO20240611t205130p0000-C,gee_task,GAO20240611t205130p0000-C_s2,READY,,2026-01-12T21:03:56Z
GAO20210729t174600p0000-D,gee_task,GAO20210729t174600p0000-D_s2,READY,,2026-01-12T21:03:56Z
GAO20240611t205130p0000-A,gee_task,GAO20240611t205130p0000-A_s2,READY,,2026-01-12T21:03:56Z
GAO20210729t174600p0000-C,gee_task,GAO20210729t174600p0000-C_s2,READY,,2026-01-12T21:03:56Z
GAO20240611t204534p0000-F,gee_task,GAO20240611t204534p0000-F_s2,READY,,2026-01-12T21:03:56Z
GAO20210729t174600p0000-B,gee_task,GAO20210729t174600p0000-B_s2,READY,,2026-01-12T21:03:56Z
GAO20240611t204534p0000-E,gee_task,GAO20240611t204534p0000-E_s2,READY,,2026-01-12T21:03:56Z
GAO20210729t174600p0000-A,gee_task,GAO20210729t174600p0000-A_s2,READY,,2026-01-12T21:03:56Z
GAO20240611t204534p0000-D,gee_task,GAO20240611t204534p0000-D_s2,READY,,2026-01-12T21:03:56Z
GAO20210729t173252p0000-F,gee_task,GAO20210729t173252p0000-F_s2,READY,,2026-01-12T21:03:56Z
GAO20240611t204534p0000-C,gee_task,GAO20240611t204534p0000-C_s2,READY,,2026-01-12T21:03:56Z
GAO20240611t204534p0000-B,gee_task,GAO20240611t204534p0000-B_s2,READY,,2026-01-12T21:03:56Z
GAO20210729t173252p0000-E,gee_task,GAO20210729t173252p0000-E_s2,READY,,2026-01-12T21:03:56Z
GAO20240611t204534p0000-A,gee_task,GAO20240611t204534p0000-A_s2,READY,,2026-01-12T21:03:56Z
GAO20210729t173252p0000-D,gee_task,GAO20210729t173252p0000-D_s2,READY,,2026-01-12T21:03:56Z
GAO20240611t203734p0000-G,gee_task,GAO20240611t203734p0000-G_s2,READY,,2026-01-12T21:03:56Z
GAO20210729t173252p0000-C,gee_task,GAO20210729t173252p0000-C_s2,READY,,2026-01-12T21:03:56Z
GAO20240611t203734p0000-F,gee_task,GAO20240611t203734p0000-F_s2,READY,,2026-01-12T21:03:56Z
GAO20210729t173252p0000-B,gee_task,GAO20210729t173252p0000-B_s2,READY,,2026-01-12T21:03:56Z
GAO20240611t203734p0000-C,gee_task,GAO20240611t203734p0000-C_s2,READY,,2026-01-12T21:03:56Z
GAO20210729t173252p0000-A,gee_task,GAO20210729t173252p0000-A_s2,READY,,2026-01-12T21:03:56Z
GAO20240611t203734p0000-B,gee_task,GAO20240611t203734p0000-B_s2,READY,,2026-01-12T21:03:56Z
GAO20210729t171940p0000-I,gee_task,GAO20210729t171940p0000-I_s2,READY,,2026-01-12T21:03:56Z
GAO20240611t203734p0000-A,gee_task,GAO20240611t203734p0000-A_s2,READY,,2026-01-12T21:03:56Z
GAO20210729t171940p0000-H,gee_task,GAO20210729t171940p0000-H_s2,READY,,2026-01-12T21:03:56Z
GAO20240611t203254p0000-G,gee_task,GAO20240611t203254p0000-G_s2,READY,,2026-01-12T21:03:56Z
GAO20240611t203254p0000-F,gee_task,GAO20240611t203254p0000-F_s2,READY,,2026-01-12T21:03:56Z
GAO20210729t171940p0000-G,gee_task,GAO20210729t171940p0000-G_s2,READY,,2026-01-12T21:03:56Z
GAO20240611t203254p0000-E,gee_task,GAO20240611t203254p0000-E_s2,READY,,2026-01-12T21:03:56Z
GAO20210729t171940p0000-F,gee_task,GAO20210729t171940p0000-F_s2,READY,,2026-01-12T21:03:56Z
GAO20240611t203254p0000-C,gee_task,GAO20240611t203254p0000-C_s2,READY,,2026-01-12T21:03:56Z
GAO20210729t171940p0000-E,gee_task,GAO20210729t171940p0000-E_s2,READY,,2026-01-12T21:03:56Z
GAO20240611t203254p0000-A,gee_task,GAO20240611t203254p0000-A_s2,READY,,2026-01-12T21:03:56Z
GAO20210729t171940p0000-D,gee_task,GAO20210729t171940p0000-D_s2,READY,,2026-01-12T21:03:56Z
GAO20240611t202619p0000-C,gee_task,GAO20240611t202619p0000-C_s2,READY,,2026-01-12T21:03:56Z
GAO20210729t171940p0000-C,gee_task,GAO20210729t171940p0000-C_s2,READY,,2026-01-12T21:03:56Z
GAO20240611t202619p0000-B,gee_task,GAO20240611t202619p0000-B_s2,READY,,2026-01-12T21:03:56Z
GAO20210729t171940p0000-B,gee_task,GAO20210729t171940p0000-B_s2,READY,,2026-01-12T21:03:56Z
GAO20240611t202619p0000-A,gee_task,GAO20240611t202619p0000-A_s2,READY,,2026-01-12T21:03:56Z
GAO20210729t171940p0000-A,gee_task,GAO20210729t171940p0000-A_s2,READY,,2026-01-12T21:03:56Z
GAO20240611t202024p0000-I,gee_task,GAO20240611t202024p0000-I_s2,READY,,2026-01-12T21:03:56Z
GAO20210729t170627p0000-K,gee_task,GAO20210729t170627p0000-K_s2,READY,,2026-01-12T21:03:56Z
GAO20240611t202024p0000-H,gee_task,GAO20240611t202024p0000-H_s2,READY,,2026-01-12T21:03:56Z
GAO20210729t170627p0000-J,gee_task,GAO20210729t170627p0000-J_s2,READY,,2026-01-12T21:03:56Z
GAO20240611t202024p0000-G,gee_task,GAO20240611t202024p0000-G_s2,READY,,2026-01-12T21:03:56Z
GAO20240611t202024p0000-F,gee_task,GAO20240611t202024p0000-F_s2,READY,,2026-01-12T21:03:56Z
GAO20210729t170627p0000-I,gee_task,GAO20210729t170627p0000-I_s2,READY,,2026-01-12T21:03:56Z
GAO20240611t202024p0000-E,gee_task,GAO20240611t202024p0000-E_s2,READY,,2026-01-12T21:03:56Z
GAO20210729t170627p0000-H,gee_task,GAO20210729t170627p0000-H_s2,READY,,2026-01-12T21:03:56Z
GAO20240611t202024p0000-C,gee_task,GAO20240611t202024p0000-C_s2,READY,,2026-01-12T21:03:56Z
GAO20210729t170627p0000-G,gee_task,GAO20210729t170627p0000-G_s2,READY,,2026-01-12T21:03:56Z
GAO20240611t202024p0000-A,gee_task,GAO20240611t202024p0000-A_s2,READY,,2026-01-12T21:03:56Z
GAO20210729t170627p0000-F,gee_task,GAO20210729t170627p0000-F_s2,READY,,2026-01-12T21:03:56Z
GAO20240611t201214p0000-J,gee_task,GAO20240611t201214p0000-J_s2,READY,,2026-01-12T21:03:56Z
GAO20210729t170627p0000-E,gee_task,GAO20210729t170627p0000-E_s2,READY,,2026-01-12T21:03:56Z
GAO20240611t201214p0000-I,gee_task,GAO20240611t201214p0000-I_s2,READY,,2026-01-12T21:03:56Z
GAO20210729t170627p0000-D,gee_task,GAO20210729t170627p0000-D_s2,READY,,2026-01-12T21:03:56Z
GAO20240611t201214p0000-G,gee_task,GAO20240611t201214p0000-G_s2,READY,,2026-01-12T21:03:56Z
GAO20240611t201214p0000-F,gee_task,GAO20240611t201214p0000-F_s2,READY,,2026-01-12T21:03:56Z
GAO20210729t170627p0000-C,gee_task,GAO20210729t170627p0000-C_s2,READY,,2026-01-12T21:03:56Z
GAO20240611t201214p0000-E,gee_task,GAO20240611t201214p0000-E_s2,READY,,2026-01-12T21:03:56Z
GAO20210729t170627p0000-B,gee_task,GAO20210729t170627p0000-B_s2,READY,,2026-01-12T21:03:56Z
GAO20240611t201214p0000-D,gee_task,GAO20240611t201214p0000-D_s2,READY,,2026-01-12T21:03:56Z
GAO20210729t170627p0000-A,gee_task,GAO20210729t170627p0000-A_s2,READY,,2026-01-12T21:03:56Z
GAO20240611t201214p0000-A,gee_task,GAO20240611t201214p0000-A_s2,READY,,2026-01-12T21:03:56Z
GAO20210729t165319p0000-E,gee_task,GAO20210729t165319p0000-E_s2,READY,,2026-01-12T21:03:56Z
GAO20240611t200739p0000-E,gee_task,GAO20240611t200739p0000-E_s2,READY,,2026-01-12T21:03:56Z
GAO20210729t165319p0000-D,gee_task,GAO20210729t165319p0000-D_s2,READY,,2026-01-12T21:03:56Z
GAO20240611t200739p0000-D,gee_task,GAO20240611t200739p0000-D_s2,READY,,2026-01-12T21:03:56Z
GAO20210729t165319p0000-C,gee_task,GAO20210729t165319p0000-C_s2,READY,,2026-01-12T21:03:56Z
GAO20240611t200739p0000-C,gee_task,GAO20240611t200739p0000-C_s2,READY,,2026-01-12T21:03:56Z
GAO20210729t165319p0000-B,gee_task,GAO20210729t165319p0000-B_s2,READY,,2026-01-12T21:03:56Z
GAO20240611t200739p0000-A,gee_task,GAO20240611t200739p0000-A_s2,READY,,2026-01-12T21:03:56Z
GAO20210729t165319p0000-A,gee_task,GAO20210729t165319p0000-A_s2,READY,,2026-01-12T21:03:56Z
GAO20240611t200050p0000-C,gee_task,GAO20240611t200050p0000-C_s2,READY,,2026-01-12T21:03:56Z
GAO20210729t162727p0000-B,gee_task,GAO20210729t162727p0000-B_s2,READY,,2026-01-12T21:03:56Z
GAO20240611t200050p0000-B,gee_task,GAO20240611t200050p0000-B_s2,READY,,2026-01-12T21:03:56Z
GAO20210729t162727p0000-A,gee_task,GAO20210729t162727p0000-A_s2,READY,,2026-01-12T21:03:56Z
GAO20240611t200050p0000-A,gee_task,GAO20240611t200050p0000-A_s2,READY,,2026-01-12T21:03:56Z
GAO20210729t161504p0000-C,gee_task,GAO20210729t161504p0000-C_s2,READY,,2026-01-12T21:03:56Z
GAO20240611t195436p0000-F,gee_task,GAO20240611t195436p0000-F_s2,READY,,2026-01-12T21:03:56Z
GAO20210729t161504p0000-B,gee_task,GAO20210729t161504p0000-B_s2,READY,,2026-01-12T21:03:56Z
GAO20240611t195436p0000-D,gee_task,GAO20240611t195436p0000-D_s2,READY,,2026-01-12T21:03:56Z
GAO20240611t195436p0000-C,gee_task,GAO20240611t195436p0000-C_s2,READY,,2026-01-12T21:03:56Z
GAO20210729t161504p0000-A,gee_task,GAO20210729t161504p0000-A_s2,READY,,2026-01-12T21:03:56Z
GAO20240611t195436p0000-B,gee_task,GAO20240611t195436p0000-B_s2,READY,,2026-01-12T21:03:56Z
GAO20240611t195436p0000-A,gee_task,GAO20240611t195436p0000-A_s2,READY,,2026-01-12T21:03:56Z
GAO20210729t160155p0000-B,gee_task,GAO20210729t160155p0000-B_s2,READY,,2026-01-12T21:03:56Z
GAO20240611t194634p0000-F,gee_task,GAO20240611t194634p0000-F_s2,READY,,2026-01-12T21:03:56Z
GAO20210729t160155p0000-A,gee_task,GAO20210729t160155p0000-A_s2,READY,,2026-01-12T21:03:56Z
GAO20240611t194634p0000-E,gee_task,GAO20240611t194634p0000-E_s2,READY,,2026-01-12T21:03:56Z
GAO20210729t154905p0000-B,gee_task,GAO20210729t154905p0000-B_s2,READY,,2026-01-12T21:03:56Z
GAO20240611t194634p0000-D,gee_task,GAO20240611t194634p0000-D_s2,READY,,2026-01-12T21:03:56Z
GAO20210729t154905p0000-A,gee_task,GAO20210729t154905p0000-A_s2,READY,,2026-01-12T21:03:56Z
GAO20240611t194634p0000-B,gee_task,GAO20240611t194634p0000-B_s2,READY,,2026-01-12T21:03:56Z
GAO20210729t153613p0000-A,gee_task,GAO20210729t153613p0000-A_s2,READY,,2026-01-12T21:03:56Z
GAO20240611t194634p0000-A,gee_task,GAO20240611t194634p0000-A_s2,READY,,2026-01-12T21:03:56Z
GAO20240611t194144p0000-F,gee_task,GAO20240611t194144p0000-F_s2,READY,,2026-01-12T21:03:56Z
GAO20210729t152336p0000-I,gee_task,GAO20210729t152336p0000-I_s2,READY,,2026-01-12T21:03:56Z
GAO20210729t152336p0000-H,gee_task,GAO20210729t152336p0000-H_s2,READY,,2026-01-12T21:03:56Z
GAO20240611t194144p0000-E,gee_task,GAO20240611t194144p0000-E_s2,READY,,2026-01-12T21:03:56Z
GAO20210729t152336p0000-G,gee_task,GAO20210729t152336p0000-G_s2,READY,,2026-01-12T21:03:56Z
GAO20240611t194144p0000-D,gee_task,GAO20240611t194144p0000-D_s2,READY,,2026-01-12T21:03:56Z
GAO20210729t152336p0000-F,gee_task,GAO20210729t152336p0000-F_s2,READY,,2026-01-12T21:03:56Z
GAO20240611t194144p0000-C,gee_task,GAO20240611t194144p0000-C_s2,READY,,2026-01-12T21:03:56Z
GAO20210729t152336p0000-E,gee_task,GAO20210729t152336p0000-E_s2,READY,,2026-01-12T21:03:56Z
GAO20240611t194144p0000-B,gee_task,GAO20240611t194144p0000-B_s2,READY,,2026-01-12T21:03:56Z
GAO20240611t194144p0000-A,gee_task,GAO20240611t194144p0000-A_s2,READY,,2026-01-12T21:03:56Z
GAO20210729t152336p0000-D,gee_task,GAO20210729t152336p0000-D_s2,READY,,2026-01-12T21:03:56Z
GAO20240611t193749p0000-J,gee_task,GAO20240611t193749p0000-J_s2,READY,,2026-01-12T21:03:56Z
GAO20210729t152336p0000-C,gee_task,GAO20210729t152336p0000-C_s2,READY,,2026-01-12T21:03:56Z
GAO20240611t193749p0000-I,gee_task,GAO20240611t193749p0000-I_s2,READY,,2026-01-12T21:03:56Z
GAO20210729t152336p0000-B,gee_task,GAO20210729t152336p0000-B_s2,READY,,2026-01-12T21:03:56Z
GAO20210729t152336p0000-A,gee_task,GAO20210729t152336p0000-A_s2,READY,,2026-01-12T21:03:56Z
GAO20240611t193749p0000-H,gee_task,GAO20240611t193749p0000-H_s2,READY,,2026-01-12T21:03:56Z
GAO20210726t203329p0000-A,gee_task,GAO20210726t203329p0000-A_s2,READY,,2026-01-12T21:03:56Z
GAO20240611t193749p0000-D,gee_task,GAO20240611t193749p0000-D_s2,READY,,2026-01-12T21:03:56Z
GAO20240611t193749p0000-C,gee_task,GAO20240611t193749p0000-C_s2,READY,,2026-01-12T21:03:56Z
GAO20210726t203329p0000-1,gee_task,GAO20210726t203329p0000-1_s2,READY,,2026-01-12T21:03:56Z
GAO20240611t192759p0000-I,gee_task,GAO20240611t192759p0000-I_s2,READY,,2026-01-12T21:03:56Z
GAO20210726t202747p0000-B,gee_task,GAO20210726t202747p0000-B_s2,READY,,2026-01-12T21:03:56Z
GAO20240611t192759p0000-H,gee_task,GAO20240611t192759p0000-H_s2,READY,,2026-01-12T21:03:56Z
GAO20210726t202747p0000-A,gee_task,GAO20210726t202747p0000-A_s2,READY,,2026-01-12T21:03:56Z
GAO20240611t192759p0000-G,gee_task,GAO20240611t192759p0000-G_s2,READY,,2026-01-12T21:03:56Z
GAO20240611t192759p0000-F,gee_task,GAO20240611t192759p0000-F_s2,READY,,2026-01-12T21:03:56Z
GAO20210726t202747p0000-3,gee_task,GAO20210726t202747p0000-3_s2,READY,,2026-01-12T21:03:56Z
GAO20240611t192759p0000-E,gee_task,GAO20240611t192759p0000-E_s2,READY,,2026-01-12T21:03:56Z
GAO20210726t202747p0000-2,gee_task,GAO20210726t202747p0000-2_s2,READY,,2026-01-12T21:03:56Z
GAO20240611t192759p0000-C,gee_task,GAO20240611t192759p0000-C_s2,READY,,2026-01-12T21:03:56Z
GAO20210726t194120p0000-F,gee_task,GAO20210726t194120p0000-F_s2,READY,,2026-01-12T21:03:56Z
GAO20240611t192759p0000-B,gee_task,GAO20240611t192759p0000-B_s2,READY,,2026-01-12T21:03:56Z
GAO20210726t194120p0000-E,gee_task,GAO20210726t194120p0000-E_s2,READY,,2026-01-12T21:03:56Z
GAO20240611t192759p0000-A,gee_task,GAO20240611t192759p0000-A_s2,READY,,2026-01-12T21:03:56Z
GAO20210726t194120p0000-D,gee_task,GAO20210726t194120p0000-D_s2,READY,,2026-01-12T21:03:56Z
GAO20240611t192314p0000-H,gee_task,GAO20240611t192314p0000-H_s2,READY,,2026-01-12T21:03:56Z
GAO20210726t194120p0000-C,gee_task,GAO20210726t194120p0000-C_s2,READY,,2026-01-12T21:03:56Z
GAO20240611t192314p0000-F,gee_task,GAO20240611t192314p0000-F_s2,READY,,2026-01-12T21:03:56Z
GAO20210726t194120p0000-B,gee_task,GAO20210726t194120p0000-B_s2,READY,,2026-01-12T21:03:56Z
GAO20240611t192314p0000-D,gee_task,GAO20240611t192314p0000-D_s2,READY,,2026-01-12T21:03:56Z
GAO20210726t194120p0000-A,gee_task,GAO20210726t194120p0000-A_s2,READY,,2026-01-12T21:03:56Z
GAO20240611t192314p0000-B,gee_task,GAO20240611t192314p0000-B_s2,READY,,2026-01-12T21:03:56Z
GAO20210726t192341p0000-J,gee_task,GAO20210726t192341p0000-J_s2,READY,,2026-01-12T21:03:56Z
GAO20240611t192314p0000-A,gee_task,GAO20240611t192314p0000-A_s2,READY,,2026-01-12T21:03:56Z
GAO20210726t192341p0000-I,gee_task,GAO20210726t192341p0000-I_s2,READY,,2026-01-12T21:03:56Z
GAO20240611t191919p0000-E,gee_task,GAO20240611t191919p0000-E_s2,READY,,2026-01-12T21:03:56Z
GAO20210726t192341p0000-H,gee_task,GAO20210726t192341p0000-H_s2,READY,,2026-01-12T21:03:56Z
GAO20240611t191919p0000-B,gee_task,GAO20240611t191919p0000-B_s2,READY,,2026-01-12T21:03:56Z
GAO20210726t192341p0000-G,gee_task,GAO20210726t192341p0000-G_s2,READY,,2026-01-12T21:03:56Z
GAO20240611t191919p0000-A,gee_task,GAO20240611t191919p0000-A_s2,READY,,2026-01-12T21:03:56Z
GAO20210726t192341p0000-F,gee_task,GAO20210726t192341p0000-F_s2,READY,,2026-01-12T21:03:56Z
GAO20240611t190949p0000-H,gee_task,GAO20240611t190949p0000-H_s2,READY,,2026-01-12T21:03:56Z
GAO20210726t192341p0000-E,gee_task,GAO20210726t192341p0000-E_s2,READY,,2026-01-12T21:03:56Z
GAO20240611t190949p0000-C,gee_task,GAO20240611t190949p0000-C_s2,READY,,2026-01-12T21:03:56Z
GAO20210726t192341p0000-D,gee_task,GAO20210726t192341p0000-D_s2,READY,,2026-01-12T21:03:56Z
GAO20240611t190949p0000-B,gee_task,GAO20240611t190949p0000-B_s2,READY,,2026-01-12T21:03:56Z
GAO20210726t192341p0000-C,gee_task,GAO20210726t192341p0000-C_s2,READY,,2026-01-12T21:03:56Z
GAO20240611t190949p0000-A,gee_task,GAO20240611t190949p0000-A_s2,READY,,2026-01-12T21:03:56Z
GAO20210726t192341p0000-B,gee_task,GAO20210726t192341p0000-B_s2,READY,,2026-01-12T21:03:56Z
GAO20240611t190449p0000-E,gee_task,GAO20240611t190449p0000-E_s2,READY,,2026-01-12T21:03:56Z
GAO20210726t192341p0000-A,gee_task,GAO20210726t192341p0000-A_s2,READY,,2026-01-12T21:03:56Z
GAO20240611t190449p0000-D,gee_task,GAO20240611t190449p0000-D_s2,READY,,2026-01-12T21:03:56Z
GAO20210726t190710p0000-H,gee_task,GAO20210726t190710p0000-H_s2,READY,,2026-01-12T21:03:56Z
GAO20240611t190449p0000-C,gee_task,GAO20240611t190449p0000-C_s2,READY,,2026-01-12T21:03:56Z
GAO20210726t190710p0000-G,gee_task,GAO20210726t190710p0000-G_s2,READY,,2026-01-12T21:03:56Z
GAO20210726t190710p0000-F,gee_task,GAO20210726t190710p0000-F_s2,READY,,2026-01-12T21:03:56Z
GAO20240611t190449p0000-B,gee_task,GAO20240611t190449p0000-B_s2,READY,,2026-01-12T21:03:56Z
GAO20210726t190710p0000-E,gee_task,GAO20210726t190710p0000-E_s2,READY,,2026-01-12T21:03:56Z
GAO20240611t190449p0000-A,gee_task,GAO20240611t190449p0000-A_s2,READY,,2026-01-12T21:03:56Z
GAO20210726t190710p0000-D,gee_task,GAO20210726t190710p0000-D_s2,READY,,2026-01-12T21:03:56Z
GAO20240611t190030p0000-D,gee_task,GAO20240611t190030p0000-D_s2,READY,,2026-01-12T21:03:56Z
GAO20240611t190030p0000-C,gee_task,GAO20240611t190030p0000-C_s2,READY,,2026-01-12T21:03:56Z
GAO20210726t190710p0000-C,gee_task,GAO20210726t190710p0000-C_s2,READY,,2026-01-12T21:03:56Z
GAO20240611t190030p0000-B,gee_task,GAO20240611t190030p0000-B_s2,READY,,2026-01-12T21:03:56Z
GAO20210726t190710p0000-B,gee_task,GAO20210726t190710p0000-B_s2,READY,,2026-01-12T21:03:56Z
GAO20210726t190710p0000-A,gee_task,GAO20210726t190710p0000-A_s2,READY,,2026-01-12T21:03:56Z
GAO20240611t190030p0000-A,gee_task,GAO20240611t190030p0000-A_s2,READY,,2026-01-12T21:03:56Z
GAO20210726t184922p0000-H,gee_task,GAO20210726t184922p0000-H_s2,READY,,2026-01-12T21:03:56Z
GAO20210726t184922p0000-G,gee_task,GAO20210726t184922p0000-G_s2,READY,,2026-01-12T21:03:56Z
GAO20240609t212556p0000-A,gee_task,GAO20240609t212556p0000-A_s2,READY,,2026-01-12T21:03:56Z
GAO20240609t195426p0000-C,gee_task,GAO20240609t195426p0000-C_s2,READY,,2026-01-12T21:03:56Z
GAO20210726t184922p0000-F,gee_task,GAO20210726t184922p0000-F_s2,READY,,2026-01-12T21:03:56Z
GAO20210726t184922p0000-D,gee_task,GAO20210726t184922p0000-D_s2,READY,,2026-01-12T21:03:56Z
GAO20240609t195426p0000-B,gee_task,GAO20240609t195426p0000-B_s2,READY,,2026-01-12T21:03:56Z
GAO20210726t184922p0000-C,gee_task,GAO20210726t184922p0000-C_s2,READY,,2026-01-12T21:03:56Z
GAO20240609t195426p0000-A,gee_task,GAO20240609t195426p0000-A_s2,READY,,2026-01-12T21:03:56Z
GAO20240609t192011p0000-A,gee_task,GAO20240609t192011p0000-A_s2,READY,,2026-01-12T21:03:56Z
GAO20210726t184922p0000-B,gee_task,GAO20210726t184922p0000-B_s2,READY,,2026-01-12T21:03:56Z
GAO20240514t191350p0000-J,gee_task,GAO20240514t191350p0000-J_s2,READY,,2026-01-12T21:03:56Z
GAO20210726t184922p0000-A,gee_task,GAO20210726t184922p0000-A_s2,READY,,2026-01-12T21:03:56Z
GAO20240514t191350p0000-G,gee_task,GAO20240514t191350p0000-G_s2,READY,,2026-01-12T21:03:56Z
GAO20210726t183229p0000-G,gee_task,GAO20210726t183229p0000-G_s2,READY,,2026-01-12T21:03:56Z
GAO20240514t191350p0000-F,gee_task,GAO20240514t191350p0000-F_s2,READY,,2026-01-12T21:03:56Z
GAO20210726t183229p0000-F,gee_task,GAO20210726t183229p0000-F_s2,READY,,2026-01-12T21:03:56Z
GAO20240514t191350p0000-C,gee_task,GAO20240514t191350p0000-C_s2,READY,,2026-01-12T21:03:56Z
GAO20210726t183229p0000-E,gee_task,GAO20210726t183229p0000-E_s2,READY,,2026-01-12T21:03:56Z
GAO20240514t191350p0000-B,gee_task,GAO20240514t191350p0000-B_s2,READY,,2026-01-12T21:03:56Z
GAO20210726t183229p0000-D,gee_task,GAO20210726t183229p0000-D_s2,READY,,2026-01-12T21:03:56Z
GAO20240514t191350p0000-A,gee_task,GAO20240514t191350p0000-A_s2,READY,,2026-01-12T21:03:56Z
GAO20210726t183229p0000-C,gee_task,GAO20210726t183229p0000-C_s2,READY,,2026-01-12T21:03:56Z
GAO20240514t190451p0000-Y,gee_task,GAO20240514t190451p0000-Y_s2,READY,,2026-01-12T21:03:56Z
GAO20210726t183229p0000-B,gee_task,GAO20210726t183229p0000-B_s2,READY,,2026-01-12T21:03:56Z
GAO20240514t190451p0000-V,gee_task,GAO20240514t190451p0000-V_s2,READY,,2026-01-12T21:03:56Z
GAO20210726t183229p0000-A,gee_task,GAO20210726t183229p0000-A_s2,READY,,2026-01-12T21:03:56Z
GAO20240514t190451p0000-U,gee_task,GAO20240514t190451p0000-U_s2,READY,,2026-01-12T21:03:56Z
GAO20210726t181423p0000-V,gee_task,GAO20210726t181423p0000-V_s2,READY,,2026-01-12T21:03:56Z
GAO20240514t190451p0000-T,gee_task,GAO20240514t190451p0000-T_s2,READY,,2026-01-12T21:03:56Z
GAO20210726t181423p0000-U,gee_task,GAO20210726t181423p0000-U_s2,READY,,2026-01-12T21:03:56Z
GAO20240514t190451p0000-S,gee_task,GAO20240514t190451p0000-S_s2,READY,,2026-01-12T21:03:56Z
GAO20210726t181423p0000-T,gee_task,GAO20210726t181423p0000-T_s2,READY,,2026-01-12T21:03:56Z
GAO20240514t190451p0000-N,gee_task,GAO20240514t190451p0000-N_s2,READY,,2026-01-12T21:03:56Z
GAO20210726t181423p0000-S,gee_task,GAO20210726t181423p0000-S_s2,READY,,2026-01-12T21:03:56Z
GAO20240514t190451p0000-K,gee_task,GAO20240514t190451p0000-K_s2,READY,,2026-01-12T21:03:56Z
GAO20210726t181423p0000-R,gee_task,GAO20210726t181423p0000-R_s2,READY,,2026-01-12T21:03:56Z
GAO20240514t190451p0000-F,gee_task,GAO20240514t190451p0000-F_s2,READY,,2026-01-12T21:03:56Z
GAO20210726t181423p0000-Q,gee_task,GAO20210726t181423p0000-Q_s2,READY,,2026-01-12T21:03:56Z
GAO20240514t190451p0000-A,gee_task,GAO20240514t190451p0000-A_s2,READY,,2026-01-12T21:03:56Z
GAO20210726t181423p0000-P,gee_task,GAO20210726t181423p0000-P_s2,READY,,2026-01-12T21:03:56Z
GAO20240514t185646p0000-M,gee_task,GAO20240514t185646p0000-M_s2,READY,,2026-01-12T21:03:56Z
GAO20210726t181423p0000-O,gee_task,GAO20210726t181423p0000-O_s2,READY,,2026-01-12T21:03:56Z
GAO20240514t185646p0000-J,gee_task,GAO20240514t185646p0000-J_s2,READY,,2026-01-12T21:03:56Z
GAO20210726t181423p0000-N,gee_task,GAO20210726t181423p0000-N_s2,READY,,2026-01-12T21:03:56Z
GAO20240514t185646p0000-E,gee_task,GAO20240514t185646p0000-E_s2,READY,,2026-01-12T21:03:56Z
GAO20210726t181423p0000-M,gee_task,GAO20210726t181423p0000-M_s2,READY,,2026-01-12T21:03:56Z
GAO20240514t185646p0000-D,gee_task,GAO20240514t185646p0000-D_s2,READY,,2026-01-12T21:03:56Z
GAO20210726t181423p0000-L,gee_task,GAO20210726t181423p0000-L_s2,READY,,2026-01-12T21:03:56Z
GAO20240514t185646p0000-A,gee_task,GAO20240514t185646p0000-A_s2,READY,,2026-01-12T21:03:56Z
GAO20210726t181423p0000-K,gee_task,GAO20210726t181423p0000-K_s2,READY,,2026-01-12T21:03:56Z
GAO20240514t184750p0000-V,gee_task,GAO20240514t184750p0000-V_s2,READY,,2026-01-12T21:03:56Z
GAO20210726t181423p0000-J,gee_task,GAO20210726t181423p0000-J_s2,READY,,2026-01-12T21:03:56Z
GAO20240514t184750p0000-E,gee_task,GAO20240514t184750p0000-E_s2,READY,,2026-01-12T21:03:56Z
GAO20240514t184750p0000-D,gee_task,GAO20240514t184750p0000-D_s2,READY,,2026-01-12T21:03:56Z
GAO20210726t181423p0000-I,gee_task,GAO20210726t181423p0000-I_s2,READY,,2026-01-12T21:03:56Z
GAO20240514t184750p0000-B,gee_task,GAO20240514t184750p0000-B_s2,READY,,2026-01-12T21:03:56Z
GAO20210726t181423p0000-H,gee_task,GAO20210726t181423p0000-H_s2,READY,,2026-01-12T21:03:56Z
GAO20240514t184750p0000-A,gee_task,GAO20240514t184750p0000-A_s2,READY,,2026-01-12T21:03:56Z
GAO20210726t181423p0000-G,gee_task,GAO20210726t181423p0000-G_s2,READY,,2026-01-12T21:03:56Z
GAO20240514t183920p0000-O,gee_task,GAO20240514t183920p0000-O_s2,READY,,2026-01-12T21:03:56Z
GAO20210726t181423p0000-F,gee_task,GAO20210726t181423p0000-F_s2,READY,,2026-01-12T21:03:56Z
GAO20240514t183920p0000-J,gee_task,GAO20240514t183920p0000-J_s2,READY,,2026-01-12T21:03:56Z
GAO20210726t181423p0000-E,gee_task,GAO20210726t181423p0000-E_s2,READY,,2026-01-12T21:03:56Z
GAO20240514t183920p0000-I,gee_task,GAO20240514t183920p0000-I_s2,READY,,2026-01-12T21:03:56Z
GAO20210726t181423p0000-D,gee_task,GAO20210726t181423p0000-D_s2,READY,,2026-01-12T21:03:56Z
GAO20240514t183920p0000-G,gee_task,GAO20240514t183920p0000-G_s2,READY,,2026-01-12T21:03:56Z
GAO20210726t181423p0000-C,gee_task,GAO20210726t181423p0000-C_s2,READY,,2026-01-12T21:03:56Z
GAO20240514t183920p0000-F,gee_task,GAO20240514t183920p0000-F_s2,READY,,2026-01-12T21:03:56Z
GAO20210726t181423p0000-B,gee_task,GAO20210726t181423p0000-B_s2,READY,,2026-01-12T21:03:56Z
GAO20240514t183920p0000-D,gee_task,GAO20240514t183920p0000-D_s2,READY,,2026-01-12T21:03:56Z
GAO20240514t183920p0000-C,gee_task,GAO20240514t183920p0000-C_s2,READY,,2026-01-12T21:03:56Z
GAO20210726t181423p0000-A,gee_task,GAO20210726t181423p0000-A_s2,READY,,2026-01-12T21:03:56Z
GAO20240514t183920p0000-A,gee_task,GAO20240514t183920p0000-A_s2,READY,,2026-01-12T21:03:56Z
GAO20210726t175738p0000-S,gee_task,GAO20210726t175738p0000-S_s2,READY,,2026-01-12T21:03:56Z
GAO20240514t183045p0000-G,gee_task,GAO20240514t183045p0000-G_s2,READY,,2026-01-12T21:03:56Z
GAO20210726t175738p0000-R,gee_task,GAO20210726t175738p0000-R_s2,READY,,2026-01-12T21:03:56Z
GAO20240514t183045p0000-E,gee_task,GAO20240514t183045p0000-E_s2,READY,,2026-01-12T21:03:56Z
GAO20210726t175738p0000-Q,gee_task,GAO20210726t175738p0000-Q_s2,READY,,2026-01-12T21:03:56Z
GAO20240514t183045p0000-D,gee_task,GAO20240514t183045p0000-D_s2,READY,,2026-01-12T21:03:56Z
GAO20210726t175738p0000-P,gee_task,GAO20210726t175738p0000-P_s2,READY,,2026-01-12T21:03:56Z
GAO20240514t183045p0000-B,gee_task,GAO20240514t183045p0000-B_s2,READY,,2026-01-12T21:03:56Z
GAO20210726t175738p0000-O,gee_task,GAO20210726t175738p0000-O_s2,READY,,2026-01-12T21:03:56Z
GAO20240514t182155p0000-I,gee_task,GAO20240514t182155p0000-I_s2,READY,,2026-01-12T21:03:56Z
GAO20240514t182155p0000-H,gee_task,GAO20240514t182155p0000-H_s2,READY,,2026-01-12T21:03:56Z
GAO20210726t175738p0000-N,gee_task,GAO20210726t175738p0000-N_s2,READY,,2026-01-12T21:03:56Z
GAO20210726t175738p0000-M,gee_task,GAO20210726t175738p0000-M_s2,READY,,2026-01-12T21:03:56Z
GAO20240514t182155p0000-G,gee_task,GAO20240514t182155p0000-G_s2,READY,,2026-01-12T21:03:56Z
GAO20210726t175738p0000-L,gee_task,GAO20210726t175738p0000-L_s2,READY,,2026-01-12T21:03:56Z
GAO20240514t182155p0000-E,gee_task,GAO20240514t182155p0000-E_s2,READY,,2026-01-12T21:03:56Z
GAO20210726t175738p0000-K,gee_task,GAO20210726t175738p0000-K_s2,READY,,2026-01-12T21:03:56Z
GAO20240514t182155p0000-C,gee_task,GAO20240514t182155p0000-C_s2,READY,,2026-01-12T21:03:56Z
GAO20210726t175738p0000-J,gee_task,GAO20210726t175738p0000-J_s2,READY,,2026-01-12T21:03:56Z
GAO20240514t182155p0000-B,gee_task,GAO20240514t182155p0000-B_s2,READY,,2026-01-12T21:03:56Z
GAO20210726t175738p0000-I,gee_task,GAO20210726t175738p0000-I_s2,READY,,2026-01-12T21:03:56Z
GAO20240514t181317p0000-O,gee_task,GAO20240514t181317p0000-O_s2,READY,,2026-01-12T21:03:56Z
GAO20210726t175738p0000-H,gee_task,GAO20210726t175738p0000-H_s2,READY,,2026-01-12T21:03:56Z
GAO20240514t181317p0000-M,gee_task,GAO20240514t181317p0000-M_s2,READY,,2026-01-12T21:03:56Z
GAO20210726t175738p0000-G,gee_task,GAO20210726t175738p0000-G_s2,READY,,2026-01-12T21:03:56Z
GAO20240514t181317p0000-L,gee_task,GAO20240514t181317p0000-L_s2,READY,,2026-01-12T21:03:56Z
GAO20210726t175738p0000-F,gee_task,GAO20210726t175738p0000-F_s2,READY,,2026-01-12T21:03:56Z
GAO20240514t181317p0000-J,gee_task,GAO20240514t181317p0000-J_s2,READY,,2026-01-12T21:03:56Z
GAO20210726t175738p0000-E,gee_task,GAO20210726t175738p0000-E_s2,READY,,2026-01-12T21:03:56Z
GAO20240514t181317p0000-I,gee_task,GAO20240514t181317p0000-I_s2,READY,,2026-01-12T21:03:56Z
GAO20210726t175738p0000-D,gee_task,GAO20210726t175738p0000-D_s2,READY,,2026-01-12T21:03:56Z
GAO20240514t181317p0000-E,gee_task,GAO20240514t181317p0000-E_s2,READY,,2026-01-12T21:03:56Z
GAO20240514t181317p0000-C,gee_task,GAO20240514t181317p0000-C_s2,READY,,2026-01-12T21:03:56Z
GAO20210726t175738p0000-C,gee_task,GAO20210726t175738p0000-C_s2,READY,,2026-01-12T21:03:56Z
GAO20240514t181317p0000-A,gee_task,GAO20240514t181317p0000-A_s2,READY,,2026-01-12T21:03:56Z
GAO20210726t175738p0000-B,gee_task,GAO20210726t175738p0000-B_s2,READY,,2026-01-12T21:03:56Z
GAO20240514t180425p0000-N,gee_task,GAO20240514t180425p0000-N_s2,READY,,2026-01-12T21:03:56Z
GAO20210726t175738p0000-A,gee_task,GAO20210726t175738p0000-A_s2,READY,,2026-01-12T21:03:56Z
GAO20240514t180425p0000-L,gee_task,GAO20240514t180425p0000-L_s2,READY,,2026-01-12T21:03:56Z
GAO20240514t180425p0000-K,gee_task,GAO20240514t180425p0000-K_s2,READY,,2026-01-12T21:03:56Z
GAO20210726t173952p0000-P,gee_task,GAO20210726t173952p0000-P_s2,READY,,2026-01-12T21:03:56Z
GAO20240514t180425p0000-J,gee_task,GAO20240514t180425p0000-J_s2,READY,,2026-01-12T21:03:56Z
GAO20210726t173952p0000-O,gee_task,GAO20210726t173952p0000-O_s2,READY,,2026-01-12T21:03:56Z
GAO20240514t180425p0000-I,gee_task,GAO20240514t180425p0000-I_s2,READY,,2026-01-12T21:03:56Z
GAO20210726t173952p0000-N,gee_task,GAO20210726t173952p0000-N_s2,READY,,2026-01-12T21:03:56Z
GAO20240514t180425p0000-F,gee_task,GAO20240514t180425p0000-F_s2,READY,,2026-01-12T21:03:56Z
GAO20210726t173952p0000-M,gee_task,GAO20210726t173952p0000-M_s2,READY,,2026-01-12T21:03:56Z
GAO20240514t180425p0000-E,gee_task,GAO20240514t180425p0000-E_s2,READY,,2026-01-12T21:03:56Z
GAO20210726t173952p0000-L,gee_task,GAO20210726t173952p0000-L_s2,READY,,2026-01-12T21:03:56Z
GAO20240514t180425p0000-D,gee_task,GAO20240514t180425p0000-D_s2,READY,,2026-01-12T21:03:56Z
GAO20210726t173952p0000-K,gee_task,GAO20210726t173952p0000-K_s2,READY,,2026-01-12T21:03:56Z
GAO20240514t180425p0000-C,gee_task,GAO20240514t180425p0000-C_s2,READY,,2026-01-12T21:03:56Z
GAO20210726t173952p0000-J,gee_task,GAO20210726t173952p0000-J_s2,READY,,2026-01-12T21:03:56Z
GAO20240514t180425p0000-B,gee_task,GAO20240514t180425p0000-B_s2,READY,,2026-01-12T21:03:56Z
GAO20210726t173952p0000-I,gee_task,GAO20210726t173952p0000-I_s2,READY,,2026-01-12T21:03:56Z
GAO20240514t180425p0000-A,gee_task,GAO20240514t180425p0000-A_s2,READY,,2026-01-12T21:03:56Z
GAO20240514t175545p0000-H,gee_task,GAO20240514t175545p0000-H_s2,READY,,2026-01-12T21:03:56Z
GAO20210726t173952p0000-H,gee_task,GAO20210726t173952p0000-H_s2,READY,,2026-01-12T21:03:56Z
GAO20210726t173952p0000-G,gee_task,GAO20210726t173952p0000-G_s2,READY,,2026-01-12T21:03:56Z
GAO20240514t175545p0000-G,gee_task,GAO20240514t175545p0000-G_s2,READY,,2026-01-12T21:03:56Z
GAO20210726t173952p0000-F,gee_task,GAO20210726t173952p0000-F_s2,READY,,2026-01-12T21:03:56Z
GAO20240514t175545p0000-F,gee_task,GAO20240514t175545p0000-F_s2,READY,,2026-01-12T21:03:56Z
GAO20240514t175545p0000-E,gee_task,GAO20240514t175545p0000-E_s2,READY,,2026-01-12T21:03:56Z
GAO20210726t173952p0000-E,gee_task,GAO20210726t173952p0000-E_s2,READY,,2026-01-12T21:03:56Z
GAO20240514t175545p0000-D,gee_task,GAO20240514t175545p0000-D_s2,READY,,2026-01-12T21:03:56Z
GAO20240514t175545p0000-C,gee_task,GAO20240514t175545p0000-C_s2,READY,,2026-01-12T21:03:56Z
GAO20210726t173952p0000-D,gee_task,GAO20210726t173952p0000-D_s2,READY,,2026-01-12T21:03:56Z
GAO20240514t175545p0000-B,gee_task,GAO20240514t175545p0000-B_s2,READY,,2026-01-12T21:03:56Z
GAO20210726t173952p0000-C,gee_task,GAO20210726t173952p0000-C_s2,READY,,2026-01-12T21:03:56Z
GAO20210726t173952p0000-B,gee_task,GAO20210726t173952p0000-B_s2,READY,,2026-01-12T21:03:56Z
GAO20210726t173952p0000-A,gee_task,GAO20210726t173952p0000-A_s2,READY,,2026-01-12T21:03:56Z
GAO20210726t172258p0000-I,gee_task,GAO20210726t172258p0000-I_s2,READY,,2026-01-12T21:03:56Z
GAO20210726t172258p0000-H,gee_task,GAO20210726t172258p0000-H_s2,READY,,2026-01-12T21:03:56Z
GAO20240514t175545p0000-A,gee_task,GAO20240514t175545p0000-A_s2,READY,,2026-01-12T21:03:56Z
GAO20240514t174725p0000-K,gee_task,GAO20240514t174725p0000-K_s2,READY,,2026-01-12T21:03:56Z
GAO20210726t172258p0000-G,gee_task,GAO20210726t172258p0000-G_s2,READY,,2026-01-12T21:03:56Z
GAO20240514t174725p0000-J,gee_task,GAO20240514t174725p0000-J_s2,READY,,2026-01-12T21:03:56Z
GAO20240514t174725p0000-H,gee_task,GAO20240514t174725p0000-H_s2,READY,,2026-01-12T21:03:56Z
GAO20210726t172258p0000-F,gee_task,GAO20210726t172258p0000-F_s2,READY,,2026-01-12T21:03:56Z
GAO20240514t174725p0000-G,gee_task,GAO20240514t174725p0000-G_s2,READY,,2026-01-12T21:03:56Z
GAO20240514t174725p0000-F,gee_task,GAO20240514t174725p0000-F_s2,READY,,2026-01-12T21:03:56Z
GAO20240514t174725p0000-E,gee_task,GAO20240514t174725p0000-E_s2,READY,,2026-01-12T21:03:56Z
GAO20210726t172258p0000-E,gee_task,GAO20210726t172258p0000-E_s2,READY,,2026-01-12T21:03:56Z
GAO20240514t174725p0000-D,gee_task,GAO20240514t174725p0000-D_s2,READY,,2026-01-12T21:03:56Z
GAO20210726t172258p0000-D,gee_task,GAO20210726t172258p0000-D_s2,READY,,2026-01-12T21:03:56Z
GAO20240514t174725p0000-C,gee_task,GAO20240514t174725p0000-C_s2,READY,,2026-01-12T21:03:56Z
GAO20240514t174725p0000-B,gee_task,GAO20240514t174725p0000-B_s2,READY,,2026-01-12T21:03:56Z
GAO20210726t172258p0000-C,gee_task,GAO20210726t172258p0000-C_s2,READY,,2026-01-12T21:03:56Z
GAO20240514t174725p0000-A,gee_task,GAO20240514t174725p0000-A_s2,READY,,2026-01-12T21:03:56Z
GAO20210726t172258p0000-B,gee_task,GAO20210726t172258p0000-B_s2,READY,,2026-01-12T21:03:56Z
GAO20240514t173435p0000-E,gee_task,GAO20240514t173435p0000-E_s2,READY,,2026-01-12T21:03:56Z
GAO20210726t172258p0000-A,gee_task,GAO20210726t172258p0000-A_s2,READY,,2026-01-12T21:03:56Z
GAO20240514t173435p0000-C,gee_task,GAO20240514t173435p0000-C_s2,READY,,2026-01-12T21:03:56Z
GAO20210722t192239p0000-B,gee_task,GAO20210722t192239p0000-B_s2,READY,,2026-01-12T21:03:56Z
GAO20240514t173435p0000-B,gee_task,GAO20240514t173435p0000-B_s2,READY,,2026-01-12T21:03:56Z
GAO20210722t192239p0000-A,gee_task,GAO20210722t192239p0000-A_s2,READY,,2026-01-12T21:03:56Z
GAO20240514t172600p0000-B,gee_task,GAO20240514t172600p0000-B_s2,READY,,2026-01-12T21:03:56Z
GAO20240514t171655p0000-C,gee_task,GAO20240514t171655p0000-C_s2,READY,,2026-01-12T21:03:56Z
GAO20240514t171655p0000-A,gee_task,GAO20240514t171655p0000-A_s2,READY,,2026-01-12T21:03:56Z
GAO20210722t191141p0000-A,gee_task,GAO20210722t191141p0000-A_s2,READY,,2026-01-12T21:03:56Z
GAO20240514t170815p0000-C,gee_task,GAO20240514t170815p0000-C_s2,READY,,2026-01-12T21:03:56Z
GAO20210722t181931p0000-A,gee_task,GAO20210722t181931p0000-A_s2,READY,,2026-01-12T21:03:56Z
GAO20240514t170815p0000-A,gee_task,GAO20240514t170815p0000-A_s2,READY,,2026-01-12T21:03:56Z
GAO20240514t165911p0000-S,gee_task,GAO20240514t165911p0000-S_s2,READY,,2026-01-12T21:03:56Z
GAO20210722t173402p0000-A,gee_task,GAO20210722t173402p0000-A_s2,READY,,2026-01-12T21:03:56Z
GAO20210722t172040p0000-A,gee_task,GAO20210722t172040p0000-A_s2,READY,,2026-01-12T21:03:56Z
GAO20210722t162645p0000-B,gee_task,GAO20210722t162645p0000-B_s2,READY,,2026-01-12T21:03:56Z
GAO20240514t165911p0000-R,gee_task,GAO20240514t165911p0000-R_s2,READY,,2026-01-12T21:03:56Z
GAO20210722t162645p0000-A,gee_task,GAO20210722t162645p0000-A_s2,READY,,2026-01-12T21:03:56Z
GAO20240514t165911p0000-N,gee_task,GAO20240514t165911p0000-N_s2,READY,,2026-01-12T21:03:56Z
GAO20210722t161650p0000-B,gee_task,GAO20210722t161650p0000-B_s2,READY,,2026-01-12T21:03:56Z
GAO20240514t165911p0000-M,gee_task,GAO20240514t165911p0000-M_s2,READY,,2026-01-12T21:03:56Z
GAO20210722t161650p0000-A,gee_task,GAO20210722t161650p0000-A_s2,READY,,2026-01-12T21:03:56Z
GAO20240514t165911p0000-I,gee_task,GAO20240514t165911p0000-I_s2,READY,,2026-01-12T21:03:56Z
GAO20210722t161650p0000-1,gee_task,GAO20210722t161650p0000-1_s2,READY,,2026-01-12T21:03:56Z
GAO20240514t165911p0000-H,gee_task,GAO20240514t165911p0000-H_s2,READY,,2026-01-12T21:03:56Z
GAO20210722t154657p0000-A,gee_task,GAO20210722t154657p0000-A_s2,READY,,2026-01-12T21:03:56Z
GAO20240514t165911p0000-G,gee_task,GAO20240514t165911p0000-G_s2,READY,,2026-01-12T21:03:56Z
GAO20210722t153405p0000-A,gee_task,GAO20210722t153405p0000-A_s2,READY,,2026-01-12T21:03:56Z
GAO20240514t165911p0000-B,gee_task,GAO20240514t165911p0000-B_s2,READY,,2026-01-12T21:03:56Z
GAO20210722t153023p0000-A,gee_task,GAO20210722t153023p0000-A_s2,READY,,2026-01-12T21:03:56Z
GAO20240514t165911p0000-A,gee_task,GAO20240514t165911p0000-A_s2,READY,,2026-01-12T21:03:56Z
GAO20210720t185420p0000-1,gee_task,GAO20210720t185420p0000-1_s2,READY,,2026-01-12T21:03:56Z
GAO20240514t165025p0000-O,gee_task,GAO20240514t165025p0000-O_s2,READY,,2026-01-12T21:03:56Z
GAO20210720t180742p0000-A,gee_task,GAO20210720t180742p0000-A_s2,READY,,2026-01-12T21:03:56Z
GAO20240514t165025p0000-M,gee_task,GAO20240514t165025p0000-M_s2,READY,,2026-01-12T21:03:56Z
GAO20210720t180742p0000-2,gee_task,GAO20210720t180742p0000-2_s2,READY,,2026-01-12T21:03:56Z
GAO20240514t165025p0000-G,gee_task,GAO20240514t165025p0000-G_s2,READY,,2026-01-12T21:03:56Z
GAO20210720t171922p0000-3,gee_task,GAO20210720t171922p0000-3_s2,READY,,2026-01-12T21:03:56Z
GAO20240514t165025p0000-C,gee_task,GAO20240514t165025p0000-C_s2,READY,,2026-01-12T21:03:56Z
GAO20210720t171922p0000-2,gee_task,GAO20210720t171922p0000-2_s2,READY,,2026-01-12T21:03:56Z
GAO20240514t164120p0000-W,gee_task,GAO20240514t164120p0000-W_s2,READY,,2026-01-12T21:03:56Z
GAO20240514t164120p0000-V,gee_task,GAO20240514t164120p0000-V_s2,READY,,2026-01-12T21:03:56Z
GAO20210720t170704p0000-7,gee_task,GAO20210720t170704p0000-7_s2,READY,,2026-01-12T21:03:56Z
GAO20210720t170704p0000-3,gee_task,GAO20210720t170704p0000-3_s2,READY,,2026-01-12T21:03:56Z
GAO20240514t164120p0000-T,gee_task,GAO20240514t164120p0000-T_s2,READY,,2026-01-12T21:03:56Z
GAO20210720t155044p0000-A,gee_task,GAO20210720t155044p0000-A_s2,READY,,2026-01-12T21:03:56Z
GAO20240514t164120p0000-N,gee_task,GAO20240514t164120p0000-N_s2,READY,,2026-01-12T21:03:56Z
GAO20210720t152559p0000-A,gee_task,GAO20210720t152559p0000-A_s2,READY,,2026-01-12T21:03:56Z
GAO20240514t164120p0000-C,gee_task,GAO20240514t164120p0000-C_s2,READY,,2026-01-12T21:03:56Z
GAO20210717t181624p0000-3,gee_task,GAO20210717t181624p0000-3_s2,READY,,2026-01-12T21:03:56Z
GAO20240514t163230p0000-T,gee_task,GAO20240514t163230p0000-T_s2,READY,,2026-01-12T21:03:56Z
GAO20240514t163230p0000-S,gee_task,GAO20240514t163230p0000-S_s2,READY,,2026-01-12T21:03:56Z
GAO20210717t180549p0000-A,gee_task,GAO20210717t180549p0000-A_s2,READY,,2026-01-12T21:03:56Z
GAO20240514t163230p0000-Q,gee_task,GAO20240514t163230p0000-Q_s2,READY,,2026-01-12T21:03:56Z
GAO20210717t180549p0000-1,gee_task,GAO20210717t180549p0000-1_s2,READY,,2026-01-12T21:03:56Z
GAO20240514t163230p0000-N,gee_task,GAO20240514t163230p0000-N_s2,READY,,2026-01-12T21:03:56Z
GAO20210717t173002p0000-A,gee_task,GAO20210717t173002p0000-A_s2,READY,,2026-01-12T21:03:56Z
GAO20240514t163230p0000-M,gee_task,GAO20240514t163230p0000-M_s2,READY,,2026-01-12T21:03:56Z
GAO20210717t171847p0000-A,gee_task,GAO20210717t171847p0000-A_s2,READY,,2026-01-12T21:03:56Z
GAO20240514t163230p0000-L,gee_task,GAO20240514t163230p0000-L_s2,READY,,2026-01-12T21:03:56Z
GAO20210717t170748p0000-B,gee_task,GAO20210717t170748p0000-B_s2,READY,,2026-01-12T21:03:56Z
GAO20240514t163230p0000-K,gee_task,GAO20240514t163230p0000-K_s2,READY,,2026-01-12T21:03:56Z
GAO20240514t163230p0000-H,gee_task,GAO20240514t163230p0000-H_s2,READY,,2026-01-12T21:03:56Z
GAO20210717t170748p0000-A,gee_task,GAO20210717t170748p0000-A_s2,READY,,2026-01-12T21:03:56Z
GAO20210717t165653p0000-A,gee_task,GAO20210717t165653p0000-A_s2,READY,,2026-01-12T21:03:56Z
GAO20240514t162306p0000-T,gee_task,GAO20240514t162306p0000-T_s2,READY,,2026-01-12T21:03:56Z
GAO20240514t162306p0000-O,gee_task,GAO20240514t162306p0000-O_s2,READY,,2026-01-12T21:03:56Z
GAO20210717t164616p0000-1,gee_task,GAO20210717t164616p0000-1_s2,READY,,2026-01-12T21:03:56Z
GAO20240514t162306p0000-N,gee_task,GAO20240514t162306p0000-N_s2,READY,,2026-01-12T21:03:56Z
GAO20240514t161405p0000-W,gee_task,GAO20240514t161405p0000-W_s2,READY,,2026-01-12T21:03:56Z
GAO20210717t163535p0000-2,gee_task,GAO20210717t163535p0000-2_s2,READY,,2026-01-12T21:03:56Z
GAO20240514t161405p0000-R,gee_task,GAO20240514t161405p0000-R_s2,READY,,2026-01-12T21:03:56Z
GAO20210717t161437p0000-B,gee_task,GAO20210717t161437p0000-B_s2,READY,,2026-01-12T21:03:56Z
GAO20240514t161405p0000-K,gee_task,GAO20240514t161405p0000-K_s2,READY,,2026-01-12T21:03:56Z
GAO20210717t161437p0000-A,gee_task,GAO20210717t161437p0000-A_s2,READY,,2026-01-12T21:03:56Z
GAO20240514t161405p0000-J,gee_task,GAO20240514t161405p0000-J_s2,READY,,2026-01-12T21:03:56Z
GAO20210717t160446p0000-A,gee_task,GAO20210717t160446p0000-A_s2,READY,,2026-01-12T21:03:56Z
GAO20240514t161405p0000-CJ,gee_task,GAO20240514t161405p0000-CJ_s2,READY,,2026-01-12T21:03:56Z
GAO20240514t161405p0000-CI,gee_task,GAO20240514t161405p0000-CI_s2,READY,,2026-01-12T21:03:56Z
GAO20210715t193609p0000-1,gee_task,GAO20210715t193609p0000-1_s2,READY,,2026-01-12T21:03:56Z
GAO20240514t161405p0000-CH,gee_task,GAO20240514t161405p0000-CH_s2,READY,,2026-01-12T21:03:56Z
GAO20210715t191357p0000-A,gee_task,GAO20210715t191357p0000-A_s2,READY,,2026-01-12T21:03:56Z
GAO20240514t161405p0000-CG,gee_task,GAO20240514t161405p0000-CG_s2,READY,,2026-01-12T21:03:56Z
GAO20210715t185217p0000-4,gee_task,GAO20210715t185217p0000-4_s2,READY,,2026-01-12T21:03:56Z
GAO20240514t161405p0000-CC,gee_task,GAO20240514t161405p0000-CC_s2,READY,,2026-01-12T21:03:56Z
GAO20210715t181940p0000-A,gee_task,GAO20210715t181940p0000-A_s2,READY,,2026-01-12T21:03:56Z
GAO20240514t160455p0000-V,gee_task,GAO20240514t160455p0000-V_s2,READY,,2026-01-12T21:03:56Z
GAO20210715t181940p0000-2,gee_task,GAO20210715t181940p0000-2_s2,READY,,2026-01-12T21:03:56Z
GAO20240514t160455p0000-U,gee_task,GAO20240514t160455p0000-U_s2,READY,,2026-01-12T21:03:56Z
GAO20210715t181940p0000-1,gee_task,GAO20210715t181940p0000-1_s2,READY,,2026-01-12T21:03:56Z
GAO20240514t160455p0000-K,gee_task,GAO20240514t160455p0000-K_s2,READY,,2026-01-12T21:03:56Z
GAO20210715t180926p0000-A,gee_task,GAO20210715t180926p0000-A_s2,READY,,2026-01-12T21:03:56Z
GAO20240514t160455p0000-J,gee_task,GAO20240514t160455p0000-J_s2,READY,,2026-01-12T21:03:56Z
GAO20210715t180926p0000-1,gee_task,GAO20210715t180926p0000-1_s2,READY,,2026-01-12T21:03:56Z
GAO20240514t160455p0000-E,gee_task,GAO20240514t160455p0000-E_s2,READY,,2026-01-12T21:03:56Z
GAO20240514t155616p0000-S,gee_task,GAO20240514t155616p0000-S_s2,READY,,2026-01-12T21:03:56Z
GAO20210715t175004p0000-A,gee_task,GAO20210715t175004p0000-A_s2,READY,,2026-01-12T21:03:56Z
GAO20240514t155616p0000-R,gee_task,GAO20240514t155616p0000-R_s2,READY,,2026-01-12T21:03:56Z
GAO20240514t155616p0000-Q,gee_task,GAO20240514t155616p0000-Q_s2,READY,,2026-01-12T21:03:56Z
GAO20210715t174733p0000-1,gee_task,GAO20210715t174733p0000-1_s2,READY,,2026-01-12T21:03:56Z
GAO20240514t155616p0000-P,gee_task,GAO20240514t155616p0000-P_s2,READY,,2026-01-12T21:03:56Z
GAO20210715t174513p0000-1,gee_task,GAO20210715t174513p0000-1_s2,READY,,2026-01-12T21:03:56Z
GAO20240514t155616p0000-M,gee_task,GAO20240514t155616p0000-M_s2,READY,,2026-01-12T21:03:56Z
GAO20210715t171258p0000-A,gee_task,GAO20210715t171258p0000-A_s2,READY,,2026-01-12T21:03:56Z
GAO20240514t155616p0000-L,gee_task,GAO20240514t155616p0000-L_s2,READY,,2026-01-12T21:03:56Z
GAO20240514t155616p0000-J,gee_task,GAO20240514t155616p0000-J_s2,READY,,2026-01-12T21:03:56Z
GAO20210715t163915p0000-2,gee_task,GAO20210715t163915p0000-2_s2,READY,,2026-01-12T21:03:56Z
GAO20240514t155616p0000-I,gee_task,GAO20240514t155616p0000-I_s2,READY,,2026-01-12T21:03:56Z
GAO20210715t162917p0000-A,gee_task,GAO20210715t162917p0000-A_s2,READY,,2026-01-12T21:03:56Z
GAO20240514t155616p0000-G,gee_task,GAO20240514t155616p0000-G_s2,READY,,2026-01-12T21:03:56Z
GAO20240514t155616p0000-A,gee_task,GAO20240514t155616p0000-A_s2,READY,,2026-01-12T21:03:56Z
GAO20240514t154756p0000-R,gee_task,GAO20240514t154756p0000-R_s2,READY,,2026-01-12T21:03:56Z
GAO20210715t162917p0000-1,gee_task,GAO20210715t162917p0000-1_s2,READY,,2026-01-12T21:03:56Z
GAO20240514t154756p0000-O,gee_task,GAO20240514t154756p0000-O_s2,READY,,2026-01-12T21:03:56Z
GAO20210715t161842p0000-A,gee_task,GAO20210715t161842p0000-A_s2,READY,,2026-01-12T21:03:56Z
GAO20240514t154756p0000-N,gee_task,GAO20240514t154756p0000-N_s2,READY,,2026-01-12T21:03:56Z
GAO20210715t161842p0000-3,gee_task,GAO20210715t161842p0000-3_s2,READY,,2026-01-12T21:03:56Z
GAO20240514t154756p0000-J,gee_task,GAO20240514t154756p0000-J_s2,READY,,2026-01-12T21:03:56Z
GAO20210715t160842p0000-A,gee_task,GAO20210715t160842p0000-A_s2,READY,,2026-01-12T21:03:56Z
GAO20240514t154756p0000-I,gee_task,GAO20240514t154756p0000-I_s2,READY,,2026-01-12T21:03:56Z
GAO20210715t160842p0000-3,gee_task,GAO20210715t160842p0000-3_s2,READY,,2026-01-12T21:03:56Z
GAO20240514t154756p0000-H,gee_task,GAO20240514t154756p0000-H_s2,READY,,2026-01-12T21:03:56Z
GAO20210712t164200p0000-A,gee_task,GAO20210712t164200p0000-A_s2,READY,,2026-01-12T21:03:56Z
GAO20240514t154756p0000-G,gee_task,GAO20240514t154756p0000-G_s2,READY,,2026-01-12T21:03:56Z
GAO20210712t162900p0000-A,gee_task,GAO20210712t162900p0000-A_s2,READY,,2026-01-12T21:03:56Z
GAO20240514t154756p0000-F,gee_task,GAO20240514t154756p0000-F_s2,READY,,2026-01-12T21:03:56Z
GAO20210712t161629p0000-A,gee_task,GAO20210712t161629p0000-A_s2,READY,,2026-01-12T21:03:56Z
GAO20240514t154756p0000-E,gee_task,GAO20240514t154756p0000-E_s2,READY,,2026-01-12T21:03:56Z
GAO20210712t153850p0000-C,gee_task,GAO20210712t153850p0000-C_s2,READY,,2026-01-12T21:03:56Z
GAO20240514t154756p0000-C,gee_task,GAO20240514t154756p0000-C_s2,READY,,2026-01-12T21:03:56Z
GAO20240514t154756p0000-A,gee_task,GAO20240514t154756p0000-A_s2,READY,,2026-01-12T21:03:56Z
GAO20210712t153850p0000-B,gee_task,GAO20210712t153850p0000-B_s2,READY,,2026-01-12T21:03:56Z
GAO20240514t153940p0000-Q,gee_task,GAO20240514t153940p0000-Q_s2,READY,,2026-01-12T21:03:56Z
GAO20210712t153850p0000-A,gee_task,GAO20210712t153850p0000-A_s2,READY,,2026-01-12T21:03:56Z
GAO20240514t153940p0000-P,gee_task,GAO20240514t153940p0000-P_s2,READY,,2026-01-12T21:03:56Z
GAO20210521t162617p0000-2,gee_task,GAO20210521t162617p0000-2_s2,READY,,2026-01-12T21:03:56Z
GAO20240514t153940p0000-N,gee_task,GAO20240514t153940p0000-N_s2,READY,,2026-01-12T21:03:56Z
GAO20210521t162617p0000-1,gee_task,GAO20210521t162617p0000-1_s2,READY,,2026-01-12T21:03:56Z
GAO20240514t153940p0000-K,gee_task,GAO20240514t153940p0000-K_s2,READY,,2026-01-12T21:03:56Z
GAO20210521t161011p0000-1,gee_task,GAO20210521t161011p0000-1_s2,READY,,2026-01-12T21:03:56Z
GAO20240514t153940p0000-I,gee_task,GAO20240514t153940p0000-I_s2,READY,,2026-01-12T21:03:56Z
GAO20210521t155242p0000-2,gee_task,GAO20210521t155242p0000-2_s2,READY,,2026-01-12T21:03:56Z
GAO20240514t153940p0000-H,gee_task,GAO20240514t153940p0000-H_s2,READY,,2026-01-12T21:03:56Z
GAO20240514t153940p0000-G,gee_task,GAO20240514t153940p0000-G_s2,READY,,2026-01-12T21:03:56Z
GAO20210521t155242p0000-1,gee_task,GAO20210521t155242p0000-1_s2,READY,,2026-01-12T21:03:56Z
GAO20240514t153940p0000-E,gee_task,GAO20240514t153940p0000-E_s2,READY,,2026-01-12T21:03:56Z
GAO20240514t153940p0000-D,gee_task,GAO20240514t153940p0000-D_s2,READY,,2026-01-12T21:03:56Z
GAO20210521t153629p0000-2,gee_task,GAO20210521t153629p0000-2_s2,READY,,2026-01-12T21:03:56Z
GAO20240514t153110p0000-M,gee_task,GAO20240514t153110p0000-M_s2,READY,,2026-01-12T21:03:56Z
GAO20210521t153629p0000-1,gee_task,GAO20210521t153629p0000-1_s2,READY,,2026-01-12T21:03:56Z
GAO20240514t153110p0000-L,gee_task,GAO20240514t153110p0000-L_s2,READY,,2026-01-12T21:03:56Z
GAO20210521t151830p0000-3,gee_task,GAO20210521t151830p0000-3_s2,READY,,2026-01-12T21:03:56Z
GAO20240514t153110p0000-J,gee_task,GAO20240514t153110p0000-J_s2,READY,,2026-01-12T21:03:56Z
GAO20210521t151830p0000-2,gee_task,GAO20210521t151830p0000-2_s2,READY,,2026-01-12T21:03:56Z
GAO20210521t151830p0000-1,gee_task,GAO20210521t151830p0000-1_s2,READY,,2026-01-12T21:03:56Z
GAO20240514t153110p0000-I,gee_task,GAO20240514t153110p0000-I_s2,READY,,2026-01-12T21:03:56Z
GAO20210521t150211p0000-5,gee_task,GAO20210521t150211p0000-5_s2,READY,,2026-01-12T21:03:56Z
GAO20240514t153110p0000-H,gee_task,GAO20240514t153110p0000-H_s2,READY,,2026-01-12T21:03:56Z
GAO20210521t150211p0000-4,gee_task,GAO20210521t150211p0000-4_s2,READY,,2026-01-12T21:03:56Z
GAO20240514t153110p0000-G,gee_task,GAO20240514t153110p0000-G_s2,READY,,2026-01-12T21:03:56Z
GAO20210521t150211p0000-3,gee_task,GAO20210521t150211p0000-3_s2,READY,,2026-01-12T21:03:56Z
GAO20240514t153110p0000-F,gee_task,GAO20240514t153110p0000-F_s2,READY,,2026-01-12T21:03:56Z
GAO20210521t150211p0000-2,gee_task,GAO20210521t150211p0000-2_s2,READY,,2026-01-12T21:03:56Z
GAO20240514t153110p0000-C,gee_task,GAO20240514t153110p0000-C_s2,READY,,2026-01-12T21:03:56Z
GAO20210521t150211p0000-1,gee_task,GAO20210521t150211p0000-1_s2,READY,,2026-01-12T21:03:56Z
GAO20240514t153110p0000-A,gee_task,GAO20240514t153110p0000-A_s2,READY,,2026-01-12T21:03:56Z
GAO20210521t144353p0000-4,gee_task,GAO20210521t144353p0000-4_s2,READY,,2026-01-12T21:03:56Z
GAO20240514t152310p0000-S,gee_task,GAO20240514t152310p0000-S_s2,READY,,2026-01-12T21:03:56Z
GAO20210521t144353p0000-3,gee_task,GAO20210521t144353p0000-3_s2,READY,,2026-01-12T21:03:56Z
GAO20240514t152310p0000-R,gee_task,GAO20240514t152310p0000-R_s2,READY,,2026-01-12T21:03:56Z
GAO20240514t152310p0000-P,gee_task,GAO20240514t152310p0000-P_s2,READY,,2026-01-12T21:03:56Z
GAO20210521t144353p0000-2,gee_task,GAO20210521t144353p0000-2_s2,READY,,2026-01-12T21:03:56Z
GAO20240514t152310p0000-O,gee_task,GAO20240514t152310p0000-O_s2,READY,,2026-01-12T21:03:56Z
GAO20240514t152310p0000-N,gee_task,GAO20240514t152310p0000-N_s2,READY,,2026-01-12T21:03:56Z
GAO20210521t144353p0000-1,gee_task,GAO20210521t144353p0000-1_s2,READY,,2026-01-12T21:03:56Z
GAO20240514t152310p0000-M,gee_task,GAO20240514t152310p0000-M_s2,READY,,2026-01-12T21:03:56Z
GAO20210521t142744p0000-7,gee_task,GAO20210521t142744p0000-7_s2,READY,,2026-01-12T21:03:56Z
GAO20240514t152310p0000-K,gee_task,GAO20240514t152310p0000-K_s2,READY,,2026-01-12T21:03:56Z
GAO20210521t142744p0000-6,gee_task,GAO20210521t142744p0000-6_s2,READY,,2026-01-12T21:03:56Z
GAO20240514t152310p0000-H,gee_task,GAO20240514t152310p0000-H_s2,READY,,2026-01-12T21:03:56Z
GAO20210521t142744p0000-5,gee_task,GAO20210521t142744p0000-5_s2,READY,,2026-01-12T21:03:56Z
GAO20240514t152310p0000-G,gee_task,GAO20240514t152310p0000-G_s2,READY,,2026-01-12T21:03:56Z
GAO20210521t142744p0000-4,gee_task,GAO20210521t142744p0000-4_s2,READY,,2026-01-12T21:03:56Z
GAO20240514t152310p0000-F,gee_task,GAO20240514t152310p0000-F_s2,READY,,2026-01-12T21:03:56Z
GAO20210521t142744p0000-3,gee_task,GAO20210521t142744p0000-3_s2,READY,,2026-01-12T21:03:56Z
GAO20240514t152310p0000-E,gee_task,GAO20240514t152310p0000-E_s2,READY,,2026-01-12T21:03:56Z
GAO20210521t142744p0000-2,gee_task,GAO20210521t142744p0000-2_s2,READY,,2026-01-12T21:03:56Z
GAO20240514t152310p0000-D,gee_task,GAO20240514t152310p0000-D_s2,READY,,2026-01-12T21:03:56Z
GAO20210521t142744p0000-1,gee_task,GAO20210521t142744p0000-1_s2,READY,,2026-01-12T21:03:56Z
GAO20240514t152310p0000-C,gee_task,GAO20240514t152310p0000-C_s2,READY,,2026-01-12T21:03:56Z
GAO20210521t140904p0000-2,gee_task,GAO20210521t140904p0000-2_s2,READY,,2026-01-12T21:03:56Z
GAO20240509t191500p0000-C,gee_task,GAO20240509t191500p0000-C_s2,READY,,2026-01-12T21:03:56Z
GAO20240509t190640p0000-E,gee_task,GAO20240509t190640p0000-E_s2,READY,,2026-01-12T21:03:56Z
GAO20210521t140904p0000-1,gee_task,GAO20210521t140904p0000-1_s2,READY,,2026-01-12T21:03:56Z
GAO20240509t190640p0000-B,gee_task,GAO20240509t190640p0000-B_s2,READY,,2026-01-12T21:03:56Z
GAO20210521t135234p0000-4,gee_task,GAO20210521t135234p0000-4_s2,READY,,2026-01-12T21:03:56Z
GAO20240509t185655p0000-H,gee_task,GAO20240509t185655p0000-H_s2,READY,,2026-01-12T21:03:56Z
GAO20210521t135234p0000-3,gee_task,GAO20210521t135234p0000-3_s2,READY,,2026-01-12T21:03:56Z
GAO20240509t185655p0000-F,gee_task,GAO20240509t185655p0000-F_s2,READY,,2026-01-12T21:03:56Z
GAO20210521t135234p0000-2,gee_task,GAO20210521t135234p0000-2_s2,READY,,2026-01-12T21:03:56Z
GAO20240509t185655p0000-E,gee_task,GAO20240509t185655p0000-E_s2,READY,,2026-01-12T21:03:56Z
GAO20210521t135234p0000-1,gee_task,GAO20210521t135234p0000-1_s2,READY,,2026-01-12T21:03:56Z
GAO20240509t185655p0000-D,gee_task,GAO20240509t185655p0000-D_s2,READY,,2026-01-12T21:03:56Z
GAO20210521t131640p0001-3,gee_task,GAO20210521t131640p0001-3_s2,READY,,2026-01-12T21:03:56Z
GAO20240509t185655p0000-C,gee_task,GAO20240509t185655p0000-C_s2,READY,,2026-01-12T21:03:56Z
GAO20210521t131640p0001-2,gee_task,GAO20210521t131640p0001-2_s2,READY,,2026-01-12T21:03:56Z
GAO20240509t185655p0000-B,gee_task,GAO20240509t185655p0000-B_s2,READY,,2026-01-12T21:03:56Z
GAO20210521t131640p0001-1,gee_task,GAO20210521t131640p0001-1_s2,READY,,2026-01-12T21:03:56Z
GAO20240509t184851p0000-B,gee_task,GAO20240509t184851p0000-B_s2,READY,,2026-01-12T21:03:56Z
GAO20240509t184851p0000-A,gee_task,GAO20240509t184851p0000-A_s2,READY,,2026-01-12T21:03:56Z
GAO20210521t131640p0000-2,gee_task,GAO20210521t131640p0000-2_s2,READY,,2026-01-12T21:03:56Z
GAO20240509t183855p0000-F,gee_task,GAO20240509t183855p0000-F_s2,READY,,2026-01-12T21:03:56Z
GAO20210518t152803p0000-1,gee_task,GAO20210518t152803p0000-1_s2,READY,,2026-01-12T21:03:56Z
GAO20240509t183855p0000-E,gee_task,GAO20240509t183855p0000-E_s2,READY,,2026-01-12T21:03:56Z
GAO20210518t150033p0000-1,gee_task,GAO20210518t150033p0000-1_s2,READY,,2026-01-12T21:03:56Z
GAO20240509t183855p0000-D,gee_task,GAO20240509t183855p0000-D_s2,READY,,2026-01-12T21:03:56Z
GAO20210508t162942p0000-1,gee_task,GAO20210508t162942p0000-1_s2,READY,,2026-01-12T21:03:56Z
GAO20240509t183855p0000-C,gee_task,GAO20240509t183855p0000-C_s2,READY,,2026-01-12T21:03:56Z
GAO20210508t153858p0000-1,gee_task,GAO20210508t153858p0000-1_s2,READY,,2026-01-12T21:03:56Z
GAO20240509t183855p0000-B,gee_task,GAO20240509t183855p0000-B_s2,READY,,2026-01-12T21:03:56Z
GAO20210508t152018p0000-1,gee_task,GAO20210508t152018p0000-1_s2,READY,,2026-01-12T21:03:56Z
GAO20240509t183855p0000-A,gee_task,GAO20240509t183855p0000-A_s2,READY,,2026-01-12T21:03:56Z
GAO20210507t180211p0000-1,gee_task,GAO20210507t180211p0000-1_s2,READY,,2026-01-12T21:03:56Z
GAO20240509t183050p0000-G,gee_task,GAO20240509t183050p0000-G_s2,READY,,2026-01-12T21:03:56Z
GAO20210507t174809p0000-1,gee_task,GAO20210507t174809p0000-1_s2,READY,,2026-01-12T21:03:56Z
GAO20240509t183050p0000-F,gee_task,GAO20240509t183050p0000-F_s2,READY,,2026-01-12T21:03:56Z
GAO20210507t173628p0000-1,gee_task,GAO20210507t173628p0000-1_s2,READY,,2026-01-12T21:03:56Z
GAO20240509t183050p0000-D,gee_task,GAO20240509t183050p0000-D_s2,READY,,2026-01-12T21:03:56Z
GAO20210507t170718p0000-1,gee_task,GAO20210507t170718p0000-1_s2,READY,,2026-01-12T21:03:56Z
GAO20240509t183050p0000-C,gee_task,GAO20240509t183050p0000-C_s2,READY,,2026-01-12T21:03:56Z
GAO20210507t170250p0000-1,gee_task,GAO20210507t170250p0000-1_s2,READY,,2026-01-12T21:03:56Z
GAO20240509t183050p0000-B,gee_task,GAO20240509t183050p0000-B_s2,READY,,2026-01-12T21:03:56Z
GAO20240509t183050p0000-A,gee_task,GAO20240509t183050p0000-A_s2,READY,,2026-01-12T21:03:56Z
GAO20201124t173250p0000-A,gee_task,GAO20201124t173250p0000-A_s2,READY,,2026-01-12T21:03:56Z
GAO20240509t182131p0000-D,gee_task,GAO20240509t182131p0000-D_s2,READY,,2026-01-12T21:03:56Z
GAO20201122t210040p0000-A,gee_task,GAO20201122t210040p0000-A_s2,READY,,2026-01-12T21:03:56Z
GAO20240509t182131p0000-C,gee_task,GAO20240509t182131p0000-C_s2,READY,,2026-01-12T21:03:56Z
GAO20201122t204407p0000-A,gee_task,GAO20201122t204407p0000-A_s2,READY,,2026-01-12T21:03:56Z
GAO20240509t182131p0000-B,gee_task,GAO20240509t182131p0000-B_s2,READY,,2026-01-12T21:03:56Z
GAO20201122t201730p0000-A,gee_task,GAO20201122t201730p0000-A_s2,READY,,2026-01-12T21:03:56Z
GAO20240509t182131p0000-A,gee_task,GAO20240509t182131p0000-A_s2,READY,,2026-01-12T21:03:56Z
GAO20240509t180110p0000-E,gee_task,GAO20240509t180110p0000-E_s2,READY,,2026-01-12T21:03:56Z
GAO20201122t200719p0000-C,gee_task,GAO20201122t200719p0000-C_s2,READY,,2026-01-12T21:03:56Z
GAO20240509t180110p0000-D,gee_task,GAO20240509t180110p0000-D_s2,READY,,2026-01-12T21:03:56Z
GAO20201122t200719p0000-B,gee_task,GAO20201122t200719p0000-B_s2,READY,,2026-01-12T21:03:56Z
GAO20240509t180110p0000-C,gee_task,GAO20240509t180110p0000-C_s2,READY,,2026-01-12T21:03:56Z
GAO20201122t200719p0000-A,gee_task,GAO20201122t200719p0000-A_s2,READY,,2026-01-12T21:03:56Z
GAO20240509t180110p0000-B,gee_task,GAO20240509t180110p0000-B_s2,READY,,2026-01-12T21:03:56Z
GAO20201122t195556p0000-C,gee_task,GAO20201122t195556p0000-C_s2,READY,,2026-01-12T21:03:56Z
GAO20240509t180110p0000-A,gee_task,GAO20240509t180110p0000-A_s2,READY,,2026-01-12T21:03:56Z
GAO20201122t195556p0000-B,gee_task,GAO20201122t195556p0000-B_s2,READY,,2026-01-12T21:03:56Z
GAO20240509t174630p0000-M,gee_task,GAO20240509t174630p0000-M_s2,READY,,2026-01-12T21:03:56Z
GAO20201122t195556p0000-A,gee_task,GAO20201122t195556p0000-A_s2,READY,,2026-01-12T21:03:56Z
GAO20240509t174630p0000-I,gee_task,GAO20240509t174630p0000-I_s2,READY,,2026-01-12T21:03:56Z
GAO20201122t193455p0000-B,gee_task,GAO20201122t193455p0000-B_s2,READY,,2026-01-12T21:03:56Z
GAO20240509t174630p0000-H,gee_task,GAO20240509t174630p0000-H_s2,READY,,2026-01-12T21:03:56Z
GAO20201122t193455p0000-A,gee_task,GAO20201122t193455p0000-A_s2,READY,,2026-01-12T21:03:56Z
GAO20240509t174630p0000-G,gee_task,GAO20240509t174630p0000-G_s2,READY,,2026-01-12T21:03:56Z
GAO20240509t174630p0000-D,gee_task,GAO20240509t174630p0000-D_s2,READY,,2026-01-12T21:03:56Z
GAO20201122t185041p0000-A,gee_task,GAO20201122t185041p0000-A_s2,READY,,2026-01-12T21:03:56Z
GAO20240509t174630p0000-C,gee_task,GAO20240509t174630p0000-C_s2,READY,,2026-01-12T21:03:56Z
GAO20201122t184200p0000-A,gee_task,GAO20201122t184200p0000-A_s2,READY,,2026-01-12T21:03:56Z
GAO20240509t174630p0000-B,gee_task,GAO20240509t174630p0000-B_s2,READY,,2026-01-12T21:03:56Z
GAO20201122t181451p0000-B,gee_task,GAO20201122t181451p0000-B_s2,READY,,2026-01-12T21:03:56Z
GAO20240509t174630p0000-A,gee_task,GAO20240509t174630p0000-A_s2,READY,,2026-01-12T21:03:56Z
GAO20201122t181451p0000-A,gee_task,GAO20201122t181451p0000-A_s2,READY,,2026-01-12T21:03:56Z
GAO20240509t173540p0000-K,gee_task,GAO20240509t173540p0000-K_s2,READY,,2026-01-12T21:03:56Z
GAO20201122t180917p0000-A,gee_task,GAO20201122t180917p0000-A_s2,READY,,2026-01-12T21:03:56Z
GAO20240509t173540p0000-I,gee_task,GAO20240509t173540p0000-I_s2,READY,,2026-01-12T21:03:56Z
GAO20201122t180413p0000-B,gee_task,GAO20201122t180413p0000-B_s2,READY,,2026-01-12T21:03:56Z
GAO20240509t173540p0000-G,gee_task,GAO20240509t173540p0000-G_s2,READY,,2026-01-12T21:03:56Z
GAO20201122t180413p0000-A,gee_task,GAO20201122t180413p0000-A_s2,READY,,2026-01-12T21:03:56Z
GAO20240509t173540p0000-F,gee_task,GAO20240509t173540p0000-F_s2,READY,,2026-01-12T21:03:56Z
GAO20201122t175434p0000-B,gee_task,GAO20201122t175434p0000-B_s2,READY,,2026-01-12T21:03:56Z
GAO20240509t173540p0000-D,gee_task,GAO20240509t173540p0000-D_s2,READY,,2026-01-12T21:03:56Z
GAO20201122t175434p0000-A,gee_task,GAO20201122t175434p0000-A_s2,READY,,2026-01-12T21:03:56Z
GAO20240509t173540p0000-C,gee_task,GAO20240509t173540p0000-C_s2,READY,,2026-01-12T21:03:56Z
GAO20201120t202216p0000-A,gee_task,GAO20201120t202216p0000-A_s2,READY,,2026-01-12T21:03:56Z
GAO20240509t173540p0000-B,gee_task,GAO20240509t173540p0000-B_s2,READY,,2026-01-12T21:03:56Z
GAO20201120t202216p0000-3,gee_task,GAO20201120t202216p0000-3_s2,READY,,2026-01-12T21:03:56Z
GAO20201120t201328p0000-A,gee_task,GAO20201120t201328p0000-A_s2,READY,,2026-01-12T21:03:56Z
GAO20240509t172110p0000-E,gee_task,GAO20240509t172110p0000-E_s2,READY,,2026-01-12T21:03:56Z
GAO20240509t172110p0000-D,gee_task,GAO20240509t172110p0000-D_s2,READY,,2026-01-12T21:03:56Z
GAO20201120t191548p0000-A,gee_task,GAO20201120t191548p0000-A_s2,READY,,2026-01-12T21:03:56Z
GAO20240509t172110p0000-B,gee_task,GAO20240509t172110p0000-B_s2,READY,,2026-01-12T21:03:56Z
GAO20201120t191548p0000-1,gee_task,GAO20201120t191548p0000-1_s2,READY,,2026-01-12T21:03:56Z
GAO20240509t172110p0000-A,gee_task,GAO20240509t172110p0000-A_s2,READY,,2026-01-12T21:03:56Z
GAO20201120t185905p0000-A,gee_task,GAO20201120t185905p0000-A_s2,READY,,2026-01-12T21:03:56Z
GAO20240509t171050p0000-A,gee_task,GAO20240509t171050p0000-A_s2,READY,,2026-01-12T21:03:56Z
GAO20201120t185304p0000-3,gee_task,GAO20201120t185304p0000-3_s2,READY,,2026-01-12T21:03:56Z
GAO20201120t183914p0000-A,gee_task,GAO20201120t183914p0000-A_s2,READY,,2026-01-12T21:03:56Z
GAO20240509t165055p0000-B,gee_task,GAO20240509t165055p0000-B_s2,READY,,2026-01-12T21:03:56Z
GAO20240509t165055p0000-A,gee_task,GAO20240509t165055p0000-A_s2,READY,,2026-01-12T21:03:56Z
GAO20201120t183532p0000-A,gee_task,GAO20201120t183532p0000-A_s2,READY,,2026-01-12T21:03:56Z
GAO20240509t162931p0000-A,gee_task,GAO20240509t162931p0000-A_s2,READY,,2026-01-12T21:03:56Z
GAO20201119t205055p0000-1,gee_task,GAO20201119t205055p0000-1_s2,READY,,2026-01-12T21:03:56Z
GAO20240509t161035p0000-E,gee_task,GAO20240509t161035p0000-E_s2,READY,,2026-01-12T21:03:56Z
GAO20240509t161035p0000-D,gee_task,GAO20240509t161035p0000-D_s2,READY,,2026-01-12T21:03:56Z
GAO20201119t200352p0000-A,gee_task,GAO20201119t200352p0000-A_s2,READY,,2026-01-12T21:03:56Z
GAO20240509t161035p0000-C,gee_task,GAO20240509t161035p0000-C_s2,READY,,2026-01-12T21:03:56Z
GAO20201119t182156p0000-1,gee_task,GAO20201119t182156p0000-1_s2,READY,,2026-01-12T21:03:56Z
GAO20240509t161035p0000-A,gee_task,GAO20240509t161035p0000-A_s2,READY,,2026-01-12T21:03:56Z
GAO20201115t203231p0000-A,gee_task,GAO20201115t203231p0000-A_s2,READY,,2026-01-12T21:03:56Z
GAO20240509t154925p0000-D,gee_task,GAO20240509t154925p0000-D_s2,READY,,2026-01-12T21:03:56Z
GAO20201115t202811p0000-1,gee_task,GAO20201115t202811p0000-1_s2,READY,,2026-01-12T21:03:56Z
GAO20240509t154925p0000-C,gee_task,GAO20240509t154925p0000-C_s2,READY,,2026-01-12T21:03:56Z
GAO20201115t202422p0000-1,gee_task,GAO20201115t202422p0000-1_s2,READY,,2026-01-12T21:03:56Z
GAO20240509t154925p0000-B,gee_task,GAO20240509t154925p0000-B_s2,READY,,2026-01-12T21:03:56Z
GAO20201115t201750p0000-A,gee_task,GAO20201115t201750p0000-A_s2,READY,,2026-01-12T21:03:56Z
GAO20240509t154925p0000-A,gee_task,GAO20240509t154925p0000-A_s2,READY,,2026-01-12T21:03:56Z
GAO20201115t201750p0000-1,gee_task,GAO20201115t201750p0000-1_s2,READY,,2026-01-12T21:03:56Z
GAO20240509t153040p0000-D,gee_task,GAO20240509t153040p0000-D_s2,READY,,2026-01-12T21:03:56Z
GAO20201115t201040p0000-A,gee_task,GAO20201115t201040p0000-A_s2,READY,,2026-01-12T21:03:56Z
GAO20240509t153040p0000-C,gee_task,GAO20240509t153040p0000-C_s2,READY,,2026-01-12T21:03:56Z
GAO20201115t195429p0000-A,gee_task,GAO20201115t195429p0000-A_s2,READY,,2026-01-12T21:03:56Z
GAO20240509t153040p0000-B,gee_task,GAO20240509t153040p0000-B_s2,READY,,2026-01-12T21:03:56Z
GAO20201115t195429p0000-2,gee_task,GAO20201115t195429p0000-2_s2,READY,,2026-01-12T21:03:56Z
GAO20240509t153040p0000-A,gee_task,GAO20240509t153040p0000-A_s2,READY,,2026-01-12T21:03:56Z
GAO20201115t193521p0000-1,gee_task,GAO20201115t193521p0000-1_s2,READY,,2026-01-12T21:03:56Z
GAO20240420t205056p0000-B,gee_task,GAO20240420t205056p0000-B_s2,READY,,2026-01-12T21:03:56Z
GAO20201115t193054p0000-A,gee_task,GAO20201115t193054p0000-A_s2,READY,,2026-01-12T21:03:56Z
GAO20240420t205056p0000-A,gee_task,GAO20240420t205056p0000-A_s2,READY,,2026-01-12T21:03:56Z
GAO20240420t202955p0000-C,gee_task,GAO20240420t202955p0000-C_s2,READY,,2026-01-12T21:03:56Z
GAO20201115t184615p0000-B,gee_task,GAO20201115t184615p0000-B_s2,READY,,2026-01-12T21:03:56Z
GAO20240420t202955p0000-A,gee_task,GAO20240420t202955p0000-A_s2,READY,,2026-01-12T21:03:56Z
GAO20201115t183718p0000-A,gee_task,GAO20201115t183718p0000-A_s2,READY,,2026-01-12T21:03:56Z
GAO20240420t202505p0000-B,gee_task,GAO20240420t202505p0000-B_s2,READY,,2026-01-12T21:03:56Z
GAO20201114t210524p0000-A,gee_task,GAO20201114t210524p0000-A_s2,READY,,2026-01-12T21:03:56Z
GAO20240420t202505p0000-A,gee_task,GAO20240420t202505p0000-A_s2,READY,,2026-01-12T21:03:56Z
GAO20201114t194831p0000-1,gee_task,GAO20201114t194831p0000-1_s2,READY,,2026-01-12T21:03:56Z
GAO20240420t200805p0000-B,gee_task,GAO20240420t200805p0000-B_s2,READY,,2026-01-12T21:03:56Z
GAO20201114t194322p0000-1,gee_task,GAO20201114t194322p0000-1_s2,READY,,2026-01-12T21:03:56Z
GAO20240420t200805p0000-A,gee_task,GAO20240420t200805p0000-A_s2,READY,,2026-01-12T21:03:56Z
GAO20201114t184906p0000-1,gee_task,GAO20201114t184906p0000-1_s2,READY,,2026-01-12T21:03:56Z
GAO20240420t200100p0000-D,gee_task,GAO20240420t200100p0000-D_s2,READY,,2026-01-12T21:03:56Z
GAO20201114t184338p0000-B,gee_task,GAO20201114t184338p0000-B_s2,READY,,2026-01-12T21:03:56Z
GAO20240420t200100p0000-C,gee_task,GAO20240420t200100p0000-C_s2,READY,,2026-01-12T21:03:56Z
GAO20201114t184338p0000-1,gee_task,GAO20201114t184338p0000-1_s2,READY,,2026-01-12T21:03:56Z
GAO20240420t182936p0000-A,gee_task,GAO20240420t182936p0000-A_s2,READY,,2026-01-12T21:03:56Z
GAO20201114t184022p0000-B,gee_task,GAO20201114t184022p0000-B_s2,READY,,2026-01-12T21:03:56Z
GAO20240420t182155p0000-F,gee_task,GAO20240420t182155p0000-F_s2,READY,,2026-01-12T21:03:56Z
GAO20201114t184022p0000-1,gee_task,GAO20201114t184022p0000-1_s2,READY,,2026-01-12T21:03:56Z
GAO20240420t182155p0000-E,gee_task,GAO20240420t182155p0000-E_s2,READY,,2026-01-12T21:03:56Z
GAO20201114t183507p0000-1,gee_task,GAO20201114t183507p0000-1_s2,READY,,2026-01-12T21:03:56Z
GAO20240420t182155p0000-D,gee_task,GAO20240420t182155p0000-D_s2,READY,,2026-01-12T21:03:56Z
GAO20200807t190528p0000-B,gee_task,GAO20200807t190528p0000-B_s2,READY,,2026-01-12T21:03:56Z
GAO20240420t182155p0000-B,gee_task,GAO20240420t182155p0000-B_s2,READY,,2026-01-12T21:03:56Z
GAO20200807t190528p0000-A,gee_task,GAO20200807t190528p0000-A_s2,READY,,2026-01-12T21:03:56Z
GAO20240420t182155p0000-A,gee_task,GAO20240420t182155p0000-A_s2,READY,,2026-01-12T21:03:56Z
GAO20200807t185425p0000-A,gee_task,GAO20200807t185425p0000-A_s2,READY,,2026-01-12T21:03:56Z
GAO20240420t175055p0000-A,gee_task,GAO20240420t175055p0000-A_s2,READY,,2026-01-12T21:03:56Z
GAO20200807t184450p0000-A,gee_task,GAO20200807t184450p0000-A_s2,READY,,2026-01-12T21:03:56Z
GAO20240420t174535p0000-B,gee_task,GAO20240420t174535p0000-B_s2,READY,,2026-01-12T21:03:56Z
GAO20240420t174535p0000-A,gee_task,GAO20240420t174535p0000-A_s2,READY,,2026-01-12T21:03:56Z
GAO20200807t183429p0000-B,gee_task,GAO20200807t183429p0000-B_s2,READY,,2026-01-12T21:03:56Z
GAO20240420t174050p0000-B,gee_task,GAO20240420t174050p0000-B_s2,READY,,2026-01-12T21:03:56Z
GAO20200807t183429p0000-A,gee_task,GAO20200807t183429p0000-A_s2,READY,,2026-01-12T21:03:56Z
GAO20240420t173512p0000-C,gee_task,GAO20240420t173512p0000-C_s2,READY,,2026-01-12T21:03:56Z
GAO20200807t182439p0000-C,gee_task,GAO20200807t182439p0000-C_s2,READY,,2026-01-12T21:03:56Z
GAO20240420t173512p0000-A,gee_task,GAO20240420t173512p0000-A_s2,READY,,2026-01-12T21:03:56Z
GAO20240408t220443p0000-A,gee_task,GAO20240408t220443p0000-A_s2,READY,,2026-01-12T21:03:56Z
GAO20200807t182439p0000-B,gee_task,GAO20200807t182439p0000-B_s2,READY,,2026-01-12T21:03:56Z
GAO20240408t215528p0000-C,gee_task,GAO20240408t215528p0000-C_s2,READY,,2026-01-12T21:03:56Z
GAO20200807t182439p0000-A,gee_task,GAO20200807t182439p0000-A_s2,READY,,2026-01-12T21:03:56Z
GAO20240408t215528p0000-A,gee_task,GAO20240408t215528p0000-A_s2,READY,,2026-01-12T21:03:56Z
GAO20200807t181428p0000-B,gee_task,GAO20200807t181428p0000-B_s2,READY,,2026-01-12T21:03:56Z
GAO20230928t185856p0000-A,gee_task,GAO20230928t185856p0000-A_s2,READY,,2026-01-12T21:03:56Z
GAO20200807t181428p0000-A,gee_task,GAO20200807t181428p0000-A_s2,READY,,2026-01-12T21:03:56Z
GAO20230928t180738p0000-B,gee_task,GAO20230928t180738p0000-B_s2,READY,,2026-01-12T21:03:56Z
GAO20200807t175429p0000-B,gee_task,GAO20200807t175429p0000-B_s2,READY,,2026-01-12T21:03:56Z
GAO20230928t180738p0000-A,gee_task,GAO20230928t180738p0000-A_s2,READY,,2026-01-12T21:03:56Z
GAO20200807t175429p0000-A,gee_task,GAO20200807t175429p0000-A_s2,READY,,2026-01-12T21:03:56Z
GAO20230928t180333p0000-B,gee_task,GAO20230928t180333p0000-B_s2,READY,,2026-01-12T21:03:56Z
GAO20200807t174450p0000-B,gee_task,GAO20200807t174450p0000-B_s2,READY,,2026-01-12T21:03:56Z
GAO20230928t180333p0000-A,gee_task,GAO20230928t180333p0000-A_s2,READY,,2026-01-12T21:03:56Z
GAO20200807t174450p0000-A,gee_task,GAO20200807t174450p0000-A_s2,READY,,2026-01-12T21:03:56Z
GAO20230928t172806p0000-A,gee_task,GAO20230928t172806p0000-A_s2,READY,,2026-01-12T21:03:56Z
GAO20230928t172311p0000-A,gee_task,GAO20230928t172311p0000-A_s2,READY,,2026-01-12T21:03:56Z
GAO20200807t171423p0000-F,gee_task,GAO20200807t171423p0000-F_s2,READY,,2026-01-12T21:03:56Z
GAO20230925t201741p0000-B,gee_task,GAO20230925t201741p0000-B_s2,READY,,2026-01-12T21:03:56Z
GAO20200807t171423p0000-E,gee_task,GAO20200807t171423p0000-E_s2,READY,,2026-01-12T21:03:56Z
GAO20230925t201741p0000-A,gee_task,GAO20230925t201741p0000-A_s2,READY,,2026-01-12T21:03:56Z
GAO20230925t194416p0000-B,gee_task,GAO20230925t194416p0000-B_s2,READY,,2026-01-12T21:03:56Z
GAO20200807t171423p0000-D,gee_task,GAO20200807t171423p0000-D_s2,READY,,2026-01-12T21:03:56Z
GAO20230925t194416p0000-A,gee_task,GAO20230925t194416p0000-A_s2,READY,,2026-01-12T21:03:56Z
GAO20200807t171423p0000-C,gee_task,GAO20200807t171423p0000-C_s2,READY,,2026-01-12T21:03:56Z
GAO20230925t190727p0000-B,gee_task,GAO20230925t190727p0000-B_s2,READY,,2026-01-12T21:03:56Z
GAO20230925t190727p0000-A,gee_task,GAO20230925t190727p0000-A_s2,READY,,2026-01-12T21:03:56Z
GAO20200807t171423p0000-B,gee_task,GAO20200807t171423p0000-B_s2,READY,,2026-01-12T21:03:56Z
GAO20230925t183008p0000-A,gee_task,GAO20230925t183008p0000-A_s2,READY,,2026-01-12T21:03:56Z
GAO20200807t171423p0000-A,gee_task,GAO20200807t171423p0000-A_s2,READY,,2026-01-12T21:03:56Z
GAO20230925t181824p0000-A,gee_task,GAO20230925t181824p0000-A_s2,READY,,2026-01-12T21:03:56Z
GAO20200807t165418p0000-B,gee_task,GAO20200807t165418p0000-B_s2,READY,,2026-01-12T21:03:56Z
GAO20230925t175332p0000-A,gee_task,GAO20230925t175332p0000-A_s2,READY,,2026-01-12T21:03:56Z
GAO20200807t165418p0000-A,gee_task,GAO20200807t165418p0000-A_s2,READY,,2026-01-12T21:03:56Z
GAO20230925t171623p0000-A,gee_task,GAO20230925t171623p0000-A_s2,READY,,2026-01-12T21:03:56Z
GAO20200807t164453p0000-C,gee_task,GAO20200807t164453p0000-C_s2,READY,,2026-01-12T21:03:56Z
GAO20230925t170338p0000-A,gee_task,GAO20230925t170338p0000-A_s2,READY,,2026-01-12T21:03:56Z
GAO20200807t164453p0000-B,gee_task,GAO20200807t164453p0000-B_s2,READY,,2026-01-12T21:03:56Z
GAO20230925t163748p0000-A,gee_task,GAO20230925t163748p0000-A_s2,READY,,2026-01-12T21:03:56Z
GAO20200807t164453p0000-A,gee_task,GAO20200807t164453p0000-A_s2,READY,,2026-01-12T21:03:56Z
GAO20230920t190950p0000-A,gee_task,GAO20230920t190950p0000-A_s2,READY,,2026-01-12T21:03:56Z
GAO20200807t163414p0000-F,gee_task,GAO20200807t163414p0000-F_s2,READY,,2026-01-12T21:03:56Z
GAO20230920t182805p0000-A,gee_task,GAO20230920t182805p0000-A_s2,READY,,2026-01-12T21:03:56Z
GAO20200807t163414p0000-E,gee_task,GAO20200807t163414p0000-E_s2,READY,,2026-01-12T21:03:56Z
GAO20230916t185630p0000-A,gee_task,GAO20230916t185630p0000-A_s2,READY,,2026-01-12T21:03:56Z
GAO20230916t184715p0000-A,gee_task,GAO20230916t184715p0000-A_s2,READY,,2026-01-12T21:03:56Z
GAO20200807t163414p0000-D,gee_task,GAO20200807t163414p0000-D_s2,READY,,2026-01-12T21:03:56Z
GAO20230916t184225p0000-A,gee_task,GAO20230916t184225p0000-A_s2,READY,,2026-01-12T21:03:56Z
GAO20200807t163414p0000-C,gee_task,GAO20200807t163414p0000-C_s2,READY,,2026-01-12T21:03:56Z
GAO20230916t183326p0000-A,gee_task,GAO20230916t183326p0000-A_s2,READY,,2026-01-12T21:03:56Z
GAO20200807t163414p0000-B,gee_task,GAO20200807t163414p0000-B_s2,READY,,2026-01-12T21:03:56Z
GAO20230916t182850p0000-A,gee_task,GAO20230916t182850p0000-A_s2,READY,,2026-01-12T21:03:56Z
GAO20200807t162452p0000-B,gee_task,GAO20200807t162452p0000-B_s2,READY,,2026-01-12T21:03:56Z
GAO20230916t182405p0000-A,gee_task,GAO20230916t182405p0000-A_s2,READY,,2026-01-12T21:03:56Z
GAO20200807t162452p0000-A,gee_task,GAO20200807t162452p0000-A_s2,RUNNING,,2026-01-12T21:03:56Z
GAO20230916t181555p0000-A,gee_task,GAO20230916t181555p0000-A_s2,RUNNING,,2026-01-12T21:03:56Z
GAO20200807t161410p0000-B,gee_task,GAO20200807t161410p0000-B_s2,RUNNING,,2026-01-12T21:03:56Z
GAO20201114t183507p0000-1,drive,GAO20201114t183507p0000-1_s2.tif,,2026-01-12T21:02:59.184Z,2026-01-12T21:03:56Z
GAO20200807t190528p0000-B,drive,GAO20200807t190528p0000-B_s2.tif,,2026-01-12T21:02:01.830Z,2026-01-12T21:03:56Z
GAO20200807t190528p0000-A,drive,GAO20200807t190528p0000-A_s2.tif,,2026-01-12T21:02:01.795Z,2026-01-12T21:03:56Z
GAO20200807t185425p0000-A,drive,GAO20200807t185425p0000-A_s2.tif,,2026-01-12T21:01:07.742Z,2026-01-12T21:03:56Z
