wavelength,b1,b2,b3,b4,b5,b6,b7
427.00000085827,0.000368,0.0,0.0,0.0,0.0,0.0,0.0
427.9999996576,0.000722,0.0,0.0,0.0,0.0,0.0,0.0
429.00000018446997,0.002058,0.0,0.0,0.0,0.0,0.0,0.0
429.99999914000006,0.003606,0.0,0.0,0.0,0.0,0.0,0.0
431.00000090079,0.00877,0.0,0.0,0.0,0.0,0.0,0.0
432.00000089856,0.022245,0.0,0.0,0.0,0.0,0.0,0.0
433.00000040701997,0.079823,0.0,0.0,0.0,0.0,0.0,0.0
433.99999914068,0.234204,0.0,0.0,0.0,0.0,0.0,0.0
435.00000089174995,0.496474,0.0,0.0,0.0,0.0,0.0,0.0
436.00000031392,0.765424,6.4e-05,0.0,0.0,0.0,0.0,0.0
436.99999989511997,0.937578,8.8e-05,0.0,0.0,0.0,0.0,0.0
438.00000054312,0.976327,0.000123,0.0,0.0,0.0,0.0,0.0
438.99999961807,0.986419,0.000178,0.0,0.0,0.0,0.0,0.0
440.000000528,0.994738,0.000265,0.0,0.0,0.0,0.0,0.0
440.9999992503,0.988397,0.000406,0.0,0.0,0.0,0.0,0.0
441.99999978784,0.970891,0.000648,0.0,0.0,0.0,0.0,0.0
443.00000061134006,0.967403,0.001063,0.0,0.0,0.0,0.0,0.0
444.000000444,0.975955,0.001808,0.0,0.0,0.0,0.0,0.0
445.00000024474997,0.982739,0.004232,0.0,0.0,0.0,0.0,0.0
445.99999927747996,0.988914,0.007338,0.0,0.0,0.0,0.0,0.0
446.99999906577006,1.0,0.013206,0.0,0.0,0.0,0.0,0.0
447.99999942656,0.986618,0.027381,0.0,0.0,0.0,0.0,0.0
449.00000044451,0.873905,0.0614,0.0,0.0,0.0,0.0,0.0
450.00000045,0.640638,0.1281,0.0,0.0,0.0,0.0,0.0
451.00000004509997,0.335997,0.284261,0.0,0.0,0.0,0.0,0.0
452.00000010848,0.132112,0.526226,0.0,0.0,0.0,0.0,0.0
452.99999974632004,0.049115,0.754618,0.0,0.0,0.0,0.0,0.0
454.00000037228,0.019386,0.850159,0.0,0.0,0.0,0.0,0.0
454.999999545,0.008479,0.870507,0.0,0.0,0.0,0.0,0.0
455.99999919744,0.003602,0.873015,0.0,0.0,0.0,0.0,0.0
456.99999946531,0.001695,0.87386,0.0,0.0,0.0,0.0,0.0
458.00000074196004,0.000772,0.874113,0.0,0.0,0.0,0.0,0.0
458.99999946756003,0.000367,0.87536,0.0,0.0,0.0,0.0,0.0
460.00000073600006,0.0,0.879366,0.0,0.0,0.0,0.0,0.0
460.99999935460005,0.0,0.881822,0.0,0.0,0.0,0.0,0.0
462.00000096096,0.0,0.881104,0.0,0.0,0.0,0.0,0.0
463.00000081951003,0.0,0.882394,0.0,0.0,0.0,0.0,0.0
464.00000081664,0.0,0.88808,0.0,0.0,0.0,0.0,0.0
465.00000095325,0.0,0.89366,0.0,0.0,0.0,0.0,0.0
465.999999301,0.0,0.898047,0.0,0.0,0.0,0.0,0.0
467.00000068182,0.0,0.900573,0.0,0.0,0.0,0.0,0.0
467.99999928863997,0.0,0.891318,0.0,0.0,0.0,0.0,0.0
469.00000045024,0.0,0.866574,0.0,0.0,0.0,0.0,0.0
470.00000098699996,0.0,0.835843,0.0,0.0,0.0,0.0,0.0
471.00000011775,0.0,0.815518,0.0,0.0,0.0,0.0,0.0
471.99999950912,0.0,0.817728,0.0,0.0,0.0,0.0,0.0
473.0000010879,0.0,0.833616,0.0,0.0,0.0,0.0,0.0
474.00000030336,0.0,0.853243,0.0,0.0,0.0,0.0,0.0
474.99999952499996,0.0,0.867513,0.0,0.0,0.0,0.0,0.0
475.99999912416,0.0,0.879685,0.0,0.0,0.0,0.0,0.0
476.99999970426,0.0,0.886409,0.0,0.0,0.0,0.0,0.0
477.99999981836,0.0,0.892453,0.0,0.0,0.0,0.0,0.0
479.00000051253,0.0,0.90207,0.0,0.0,0.0,0.0,0.0
480.00000076800006,0.0,0.916847,0.0,0.0,0.0,0.0,0.0
480.99999976912005,0.0,0.930187,0.0,0.0,0.0,0.0,0.0
481.99999922880005,0.0,0.937242,0.0,0.0,0.0,0.0,0.0
483.00000110607,0.0,0.94009,0.0,0.0,0.0,0.0,0.0
484.0000005808,0.0,0.942667,0.0,0.0,0.0,0.0,0.0
485.00000002424997,0.0,0.942599,0.0,0.0,0.0,0.0,0.0
485.99999969867997,0.0,0.942125,0.0,0.0,0.0,0.0,0.0
487.00000008279,0.0,0.943108,0.0,0.0,0.0,0.0,0.0
487.99999949248,0.0,0.945149,0.0,0.0,0.0,0.0,0.0
488.99999881662,0.0,0.946993,0.0,0.0,0.0,0.0,0.0
489.999999167,0.0,0.947055,0.0,0.0,0.0,0.0,0.0
490.99999946972,0.0,0.943697,0.0,0.0,0.0,0.0,0.0
491.99999883888,0.0,0.927983,0.0,0.0,0.0,0.0,0.0
492.99999900907005,0.0,0.908268,0.0,0.0,0.0,0.0,0.0
493.999999506,0.0,0.896314,0.0,0.0,0.0,0.0,0.0
495.00000004950004,0.0,0.901172,0.0,0.0,0.0,0.0,0.0
496.00000055552,0.0,0.9279,0.0,0.0,0.0,0.0,0.0
497.00000113812996,0.0,0.954339,0.0,0.0,0.0,0.0,0.0
497.99999963148,0.0,0.959147,0.0,0.0,0.0,0.0,0.0
498.99999901198,0.0,0.948073,0.0,0.0,0.0,0.0,0.0
500.0,0.0,0.95189,0.0,0.0,0.0,0.0,0.0
501.00000101202,0.0,0.966185,0.0,0.0,0.0,0.0,0.0
502.00000063252,0.0,0.989839,0.0,0.0,0.0,0.0,0.0
503.00000014587,0.0,1.0,0.0,0.0,0.0,0.0,0.0
504.00000104832003,0.0,0.983227,0.0,0.0,0.0,0.0,0.0
504.99999994949997,0.0,0.952988,0.0,0.0,0.0,0.0,0.0
506.00000127512004,0.0,0.923569,0.0,0.0,0.0,0.0,0.0
506.99999942708996,0.0,0.919306,0.0,0.0,0.0,0.0,0.0
507.99999922783996,0.0,0.943495,0.0,0.0,0.0,0.0,0.0
509.00000058026,0.0,0.956873,0.0,0.0,0.0,0.0,0.0
510.00000096900004,0.0,0.92323,0.0,0.0,0.0,0.0,0.0
511.00000063363996,0.0,0.799378,0.0,0.0,0.0,0.0,0.0
512.0,0.0,0.413566,0.000328,0.0,0.0,0.0,0.0
512.99999968194,0.0,0.112756,0.000403,0.0,0.0,0.0,0.0
514.00000048316,0.0,0.032741,0.000489,0.0,0.0,0.0,0.0
515.0000007467501,0.0,0.012923,0.000589,0.0,0.0,0.0,0.0
515.999998968,0.0,0.0058,0.000717,0.0,0.0,0.0,0.0
516.99999914178,0.0,0.003784,0.000878,0.0,0.0,0.0,0.0
518.00000013468,0.0,0.00263,0.001091,0.0,0.0,0.0,0.0
519.00000097053,0.0,0.002049,0.001382,0.0,0.0,0.0,0.0
520.0000008320001,0.0,0.001602,0.001796,0.0,0.0,0.0,0.0
520.9999990622,0.0,0.001136,0.003174,0.0,0.0,0.0,0.0
522.00000061596,0.0,0.000725,0.004315,0.0,0.0,0.0,0.0
522.99999975419,0.0,0.000453,0.006135,0.0,0.0,0.0,0.0
523.9999990568,0.0,0.000304,0.009184,0.0,0.0,0.0,0.0
525.0000013125,0.0,0.000228,0.013328,0.0,0.0,0.0,0.0
526.00000122032,0.0,0.000193,0.020063,0.0,0.0,0.0,0.0
526.9999991199101,0.0,0.000185,0.031208,0.0,0.0,0.0,0.0
528.00000109824,0.0,0.000196,0.049592,0.0,0.0,0.0,0.0
528.99999950803,0.0,0.000215,0.083921,0.0,0.0,0.0,0.0
530.000000795,0.0,0.00023,0.142274,0.0,0.0,0.0,0.0
531.00000038763,0.0,0.0,0.237645,0.0,0.0,0.0,0.0
531.9999994679999,0.0,0.0,0.382565,0.0,0.0,0.0,0.0
532.99999939771,0.0,0.0,0.528055,0.0,0.0,0.0,0.0
533.99999886792,0.0,0.0,0.725553,0.0,0.0,0.0,0.0
534.999999572,0.0,0.0,0.861003,0.0,0.0,0.0,0.0
536.0000005145599,0.0,0.0,0.91004,0.0,0.0,0.0,0.0
537.00000084309,0.0,0.0,0.951415,0.0,0.0,0.0,0.0
537.99999984936,0.0,0.0,0.960259,0.0,0.0,0.0,0.0
538.99999987603,0.0,0.0,0.960948,0.0,0.0,0.0,0.0
540.0000005400001,0.0,0.0,0.957969,0.0,0.0,0.0,0.0
540.99999867996,0.0,0.0,0.959614,0.0,0.0,0.0,0.0
542.0000000542,0.0,0.0,0.961039,0.0,0.0,0.0,0.0
542.99999886513,0.0,0.0,0.967824,0.0,0.0,0.0,0.0
544.00000121856,0.0,0.0,0.967478,0.0,0.0,0.0,0.0
544.99999861025,0.0,0.0,0.97104,0.0,0.0,0.0,0.0
546.00000044772,0.0,0.0,0.975968,0.0,0.0,0.0,0.0
547.00000146596,0.0,0.0,0.96995,0.0,0.0,0.0,0.0
547.99999947392,0.0,0.0,0.965836,0.0,0.0,0.0,0.0
549.00000143838,0.0,0.0,0.962728,0.0,0.0,0.0,0.0
549.9999994499999,0.0,0.0,0.970353,0.0,0.0,0.0,0.0
551.0000008099701,0.0,0.0,0.976575,0.0,0.0,0.0,0.0
552.0000008832001,0.0,0.0,0.984785,0.0,0.0,0.0,0.0
553.00000122766,0.0,0.0,0.992242,0.0,0.0,0.0,0.0
554.0000004986,0.0,0.0,0.997886,0.0,0.0,0.0,0.0
555.000000555,0.0,0.0,0.997551,0.0,0.0,0.0,0.0
556.0000003336,0.0,0.0,0.995137,0.0,0.0,0.0,0.0
556.99999889714,0.0,0.0,0.992904,0.0,0.0,0.0,0.0
557.9999985492,0.0,0.0,0.992211,0.0,0.0,0.0,0.0
558.99999864163,0.0,0.0,0.991476,0.0,0.0,0.0,0.0
559.999998656,0.0,0.0,0.990396,0.0,0.0,0.0,0.0
561.00000135201,0.0,0.0,0.987449,0.0,0.0,0.0,0.0
562.00000019108,0.0,0.0,0.985132,0.0,0.0,0.0,0.0
563.00000135683,0.0,0.0,0.984826,0.0,0.0,0.0,0.0
563.9999985336,0.0,0.0,0.986907,0.0,0.0,0.0,0.0
565.0000014125,0.0,0.0,0.991149,0.0,0.0,0.0,0.0
566.0000007358,0.0,0.0,0.994766,0.0,0.0,0.0,0.0
567.00000010773,0.0,0.0,0.993842,0.0,0.0,0.0,0.0
568.00000009088,0.0,0.0,0.991017,0.0,0.0,0.0,0.0
569.00000138836,0.0,0.0,0.987221,0.0,0.0,0.0,0.0
570.0000015960001,0.0,0.0,0.983745,0.0,0.0,0.0,0.0
570.99999840691,0.0,0.0,0.983483,0.0,0.0,0.0,0.0
571.9999994279999,0.0,0.0,0.986702,0.0,0.0,0.0,0.0
572.9999993696999,0.0,0.0,0.991954,0.0,0.0,0.0,0.0
573.99999958672,0.0,0.0,0.996306,0.0,0.0,0.0,0.0
575.00000158125,0.0,0.0,0.999347,0.0,0.0,0.0,0.0
576.00000036864,0.0,0.0,1.0,0.0,0.0,0.0,0.0
577.00000100975,0.0,0.0,0.999474,0.0,0.0,0.0,0.0
577.99999873996,0.0,0.0,0.998127,0.0,0.0,0.0,0.0
578.9999989114799,0.0,0.0,0.995951,0.0,0.0,0.0,0.0
580.000000348,0.0,0.0,0.989321,0.0,0.0,0.0,0.0
580.9999986055999,0.0,0.0,0.974154,0.0,0.0,0.0,0.0
581.99999946456,0.0,0.0,0.949241,0.0,0.0,0.0,0.0
582.99999871157,0.0,0.0,0.935026,0.0,0.0,0.0,0.0
583.99999901888,0.0,0.0,0.928536,0.0,0.0,0.0,0.0
584.99999979525,0.0,0.0,0.931859,0.0,0.0,0.0,0.0
586.0000005625601,0.0,0.0,0.927247,0.0,0.0,0.0,0.0
587.00000095681,0.0,0.0,0.864496,0.0,0.0,0.0,0.0
588.00000072912,0.0,0.0,0.710983,0.0,0.0,0.0,0.0
588.9999997467299,0.0,0.0,0.516267,0.0,0.0,0.0,0.0
590.000001475,0.0,0.0,0.345083,0.0,0.0,0.0,0.0
590.99999906622,0.0,0.0,0.216169,0.0,0.0,0.0,0.0
591.9999997158401,0.0,0.0,0.120756,0.0,0.0,0.0,0.0
593.00000028464,0.0,0.0,0.058344,0.0,0.0,0.0,0.0
594.0000012355199,0.0,0.0,0.026946,0.0,0.0,0.0,0.0
594.9999996132501,0.0,0.0,0.012431,0.0,0.0,0.0,0.0
595.9999996424,0.0,0.0,0.006076,0.0,0.0,0.0,0.0
596.99999859108,0.0,0.0,0.003768,0.0,0.0,0.0,0.0
598.0000009568,0.0,0.0,0.002021,0.0,0.0,0.0,0.0
599.0000006469201,0.0,0.0,0.001151,0.0,0.0,0.0,0.0
599.9999988,0.0,0.0,0.000693,0.0,0.0,0.0,0.0
601.0000002944901,0.0,0.0,0.000441,0.0,0.0,0.0,0.0
601.9999993137201,0.0,0.0,0.000296,0.0,0.0,0.0,0.0
603.00000098289,0.0,0.0,0.000211,0.0,0.0,0.0,0.0
603.9999996617601,0.0,0.0,0.00016,0.0,0.0,0.0,0.0
605.000000726,0.0,0.0,0.000127,0.0,0.0,0.0,0.0
605.99999871528,0.0,0.0,0.000108,0.0,0.0,0.0,0.0
606.99999925946,0.0,0.0,9.8e-05,0.0,0.0,0.0,0.0
608.0000007782401,0.0,0.0,9.5e-05,0.0,0.0,0.0,0.0
609.0000017782801,0.0,0.0,0.0001,0.0,0.0,0.0,0.0
610.0000008540001,0.0,0.0,0.000113,0.0,0.0,0.0,0.0
625.0,0.0,0.0,0.0,0.000522,0.0,0.0,0.0
625.99999978716,0.0,0.0,0.0,0.000803,0.0,0.0,0.0
627.00000068343,0.0,0.0,0.0,0.001276,0.0,0.0,0.0
627.99999917104,0.0,0.0,0.0,0.00211,0.0,0.0,0.0
628.9999996980799,0.0,0.0,0.0,0.003703,0.0,0.0,0.0
629.999998929,0.0,0.0,0.0,0.008137,0.0,0.0,0.0
631.00000154595,0.0,0.0,0.0,0.014483,0.0,0.0,0.0
632.00000040448,0.0,0.0,0.0,0.027305,0.0,0.0,0.0
633.00000038613,0.0,0.0,0.0,0.061504,0.0,0.0,0.0
633.9999984910801,0.0,0.0,0.0,0.129605,0.0,0.0,0.0
634.9999998412501,0.0,0.0,0.0,0.275992,0.0,0.0,0.0
636.00000162816,0.0,0.0,0.0,0.508335,0.0,0.0,0.0
637.00000110201,0.0,0.0,0.0,0.778234,0.0,0.0,0.0
637.99999964272,0.0,0.0,0.0,0.932297,0.0,0.0,0.0
638.99999874117,0.0,0.0,0.0,0.966309,0.0,0.0,0.0
640.0,0.0,0.0,0.0,0.98264,0.0,0.0,0.0
641.0000010256,0.0,0.0,0.0,0.986106,0.0,0.0,0.0
641.9999994863999,0.0,0.0,0.0,0.986163,0.0,0.0,0.0
643.00000138245,0.0,0.0,0.0,0.981306,0.0,0.0,0.0
644.00000043792,0.0,0.0,0.0,0.973655,0.0,0.0,0.0
644.99999871,0.0,0.0,0.0,0.969173,0.0,0.0,0.0
645.99999837208,0.0,0.0,0.0,0.971314,0.0,0.0,0.0
647.00000171455,0.0,0.0,0.0,0.980798,0.0,0.0,0.0
647.99999854848,0.0,0.0,0.0,0.992719,0.0,0.0,0.0
648.99999970795,0.0,0.0,0.0,1.0,0.0,0.0,0.0
649.9999993499999,0.0,0.0,0.0,0.996867,0.0,0.0,0.0
651.00000012369,0.0,0.0,0.0,0.98542,0.0,0.0,0.0
652.00000054768,0.0,0.0,0.0,0.970993,0.0,0.0,0.0
652.99999920987,0.0,0.0,0.0,0.961065,0.0,0.0,0.0
653.99999904516,0.0,0.0,0.0,0.960651,0.0,0.0,0.0
654.999998821,0.0,0.0,0.0,0.968687,0.0,0.0,0.0
656.0000016793599,0.0,0.0,0.0,0.980702,0.0,0.0,0.0
656.99999793702,0.0,0.0,0.0,0.985512,0.0,0.0,0.0
657.99999952624,0.0,0.0,0.0,0.988939,0.0,0.0,0.0
659.00000123892,0.0,0.0,0.0,0.98083,0.0,0.0,0.0
659.999997888,0.0,0.0,0.0,0.967919,0.0,0.0,0.0
661.0000017847,0.0,0.0,0.0,0.96308,0.0,0.0,0.0
661.99999917912,0.0,0.0,0.0,0.963284,0.0,0.0,0.0
662.99999821653,0.0,0.0,0.0,0.97127,0.0,0.0,0.0
663.9999984064,0.0,0.0,0.0,0.981615,0.0,0.0,0.0
664.999999335,0.0,0.0,0.0,0.987566,0.0,0.0,0.0
666.000000666,0.0,0.0,0.0,0.986323,0.0,0.0,0.0
667.00000214107,0.0,0.0,0.0,0.98053,0.0,0.0,0.0
667.99999911824,0.0,0.0,0.0,0.979855,0.0,0.0,0.0
669.00000040809,0.0,0.0,0.0,0.980614,0.0,0.0,0.0
670.000001541,0.0,0.0,0.0,0.964931,0.0,0.0,0.0
670.99999807423,0.0,0.0,0.0,0.859551,0.0,0.0,0.0
671.99999913984,0.0,0.0,0.0,0.668074,0.0,0.0,0.0
673.0000004711,0.0,0.0,0.0,0.41698,0.0,0.0,0.0
673.99999782972,0.0,0.0,0.0,0.215689,0.0,0.0,0.0
675.000000675,0.0,0.0,0.0,0.105356,0.0,0.0,0.0
676.00000037856,0.0,0.0,0.0,0.052084,0.0,0.0,0.0
677.0000020377701,0.0,0.0,0.0,0.025256,0.0,0.0,0.0
678.0000016949999,0.0,0.0,0.0,0.012931,0.0,0.0,0.0
679.0000000339501,0.0,0.0,0.0,0.0067,0.0,0.0,0.0
679.9999978239999,0.0,0.0,0.0,0.003668,0.0,0.0,0.0
681.00000055842,0.0,0.0,0.0,0.002109,0.0,0.0,0.0
681.9999999181599,0.0,0.0,0.0,0.001253,0.0,0.0,0.0
683.00000155724,0.0,0.0,0.0,0.000985,0.0,0.0,0.0
684.0000019152,0.0,0.0,0.0,0.000702,0.0,0.0,0.0
685.00000215775,0.0,0.0,0.0,0.000548,0.0,0.0,0.0
685.9999988338,0.0,0.0,0.0,0.000403,0.0,0.0,0.0
686.99999796648,0.0,0.0,0.0,0.000341,0.0,0.0,0.0
688.00000099072,0.0,0.0,0.0,0.000279,0.0,0.0,0.0
688.99999993799,0.0,0.0,0.0,0.000269,0.0,0.0,0.0
690.000001104,0.0,0.0,0.0,0.000164,0.0,0.0,0.0
691.0000013819999,0.0,0.0,0.0,0.000133,0.0,0.0,0.0
828.9999983585801,0.0,0.0,0.0,0.0,0.00045,0.0,0.0
829.9999980079999,0.0,0.0,0.0,0.0,0.000476,0.0,0.0
831.00000304977,0.0,0.0,0.0,0.0,0.000592,0.0,0.0
831.99999787008,0.0,0.0,0.0,0.0,0.000715,0.0,0.0
833.0000014410899,0.0,0.0,0.0,0.0,0.000837,0.0,0.0
833.9999981818801,0.0,0.0,0.0,0.0,0.00096,0.0,0.0
835.00000029225,0.0,0.0,0.0,0.0,0.001082,0.0,0.0
835.999999164,0.0,0.0,0.0,0.0,0.001245,0.0,0.0
837.00000015903,0.0,0.0,0.0,0.0,0.001597,0.0,0.0
838.00000170952,0.0,0.0,0.0,0.0,0.002095,0.0,0.0
839.00000227369,0.0,0.0,0.0,0.0,0.002822,0.0,0.0
840.0000003360001,0.0,0.0,0.0,0.0,0.00389,0.0,0.0
841.00000148016,0.0,0.0,0.0,0.0,0.005578,0.0,0.0
841.99999720456,0.0,0.0,0.0,0.0,0.008405,0.0,0.0
843.0000002866201,0.0,0.0,0.0,0.0,0.0122,0.0,0.0
844.0000022956799,0.0,0.0,0.0,0.0,0.0191,0.0,0.0
845.00000190125,0.0,0.0,0.0,0.0,0.031124,0.0,0.0
845.9999978004,0.0,0.0,0.0,0.0,0.051863,0.0,0.0
847.0000030661399,0.0,0.0,0.0,0.0,0.092603,0.0,0.0
848.0000021708801,0.0,0.0,0.0,0.0,0.157269,0.0,0.0
849.0000011037,0.0,0.0,0.0,0.0,0.271976,0.0,0.0
849.999998725,0.0,0.0,0.0,0.0,0.4446,0.0,0.0
851.0000011658701,0.0,0.0,0.0,0.0,0.649325,0.0,0.0
852.00000013632,0.0,0.0,0.0,0.0,0.834741,0.0,0.0
853.00000185954,0.0,0.0,0.0,0.0,0.940934,0.0,0.0
853.99999806996,0.0,0.0,0.0,0.0,0.981522,0.0,0.0
855.000002394,0.0,0.0,0.0,0.0,0.99065,0.0,0.0
855.9999993152,0.0,0.0,0.0,0.0,0.989238,0.0,0.0
857.00000258814,0.0,0.0,0.0,0.0,0.98816,0.0,0.0
857.9999966881201,0.0,0.0,0.0,0.0,0.989431,0.0,0.0
859.0000028776501,0.0,0.0,0.0,0.0,0.992201,0.0,0.0
859.9999982800001,0.0,0.0,0.0,0.0,0.994988,0.0,0.0
860.99999690901,0.0,0.0,0.0,0.0,0.996942,0.0,0.0
861.99999808636,0.0,0.0,0.0,0.0,0.998009,0.0,0.0
863.00000116505,0.0,0.0,0.0,0.0,0.998217,0.0,0.0
863.9999980646401,0.0,0.0,0.0,0.0,0.998145,0.0,0.0
865.0000031139999,0.0,0.0,0.0,0.0,0.998096,0.0,0.0
866.0000008140399,0.0,0.0,0.0,0.0,0.998182,0.0,0.0
866.99999810994,0.0,0.0,0.0,0.0,0.999004,0.0,0.0
868.0000020484799,0.0,0.0,0.0,0.0,0.999293,0.0,0.0
868.99999712361,0.0,0.0,0.0,0.0,0.999402,0.0,0.0
869.999997999,0.0,0.0,0.0,0.0,0.999734,0.0,0.0
870.99999675117,0.0,0.0,0.0,0.0,0.999819,0.0,0.0
872.00000062784,0.0,0.0,0.0,0.0,1.0,0.0,0.0
873.00000173727,0.0,0.0,0.0,0.0,0.999991,0.0,0.0
873.9999997902399,0.0,0.0,0.0,0.0,0.996437,0.0,0.0
875.0000021875,0.0,0.0,0.0,0.0,0.974517,0.0,0.0
876.00000108624,0.0,0.0,0.0,0.0,0.929714,0.0,0.0
876.9999962990601,0.0,0.0,0.0,0.0,0.834486,0.0,0.0
878.00000309056,0.0,0.0,0.0,0.0,0.681168,0.0,0.0
878.99999826837,0.0,0.0,0.0,0.0,0.496752,0.0,0.0
879.9999971840001,0.0,0.0,0.0,0.0,0.319203,0.0,0.0
880.9999998414199,0.0,0.0,0.0,0.0,0.19073,0.0,0.0
881.9999985006,0.0,0.0,0.0,0.0,0.111399,0.0,0.0
883.00000098013,0.0,0.0,0.0,0.0,0.064628,0.0,0.0
883.99999957568,0.0,0.0,0.0,0.0,0.036815,0.0,0.0
885.0000022125,0.0,0.0,0.0,0.0,0.021928,0.0,0.0
886.0000012226801,0.0,0.0,0.0,0.0,0.013213,0.0,0.0
886.99999677132,0.0,0.0,0.0,0.0,0.007643,0.0,0.0
887.99999694528,0.0,0.0,0.0,0.0,0.004905,0.0,0.0
889.00000203581,0.0,0.0,0.0,0.0,0.003116,0.0,0.0
889.9999965290001,0.0,0.0,0.0,0.0,0.001999,0.0,0.0
890.99999656074,0.0,0.0,0.0,0.0,0.001322,0.0,0.0
892.0000025332799,0.0,0.0,0.0,0.0,0.000883,0.0,0.0
892.99999893733,0.0,0.0,0.0,0.0,0.000594,0.0,0.0
894.00000212772,0.0,0.0,0.0,0.0,0.000412,0.0,0.0
894.999996599,0.0,0.0,0.0,0.0,0.000327,0.0,0.0
895.99999885312,0.0,0.0,0.0,0.0,0.00027,0.0,0.0
897.0000014351999,0.0,0.0,0.0,0.0,0.000212,0.0,0.0
897.999996857,0.0,0.0,0.0,0.0,0.000155,0.0,0.0
899.00000184295,0.0,0.0,0.0,0.0,9.8e-05,0.0,0.0
900.0000009,0.0,0.0,0.0,0.0,7.6e-05,0.0,0.0
1514.99999219775,0.0,0.0,0.0,0.0,0.0,0.001029,0.0
1515.99999278384,0.0,0.0,0.0,0.0,0.0,0.001115,0.0
1517.0000026395799,0.0,0.0,0.0,0.0,0.0,0.00121,0.0
1517.99999614428,0.0,0.0,0.0,0.0,0.0,0.001319,0.0
1518.9999936961499,0.0,0.0,0.0,0.0,0.0,0.001445,0.0
1519.999992704,0.0,0.0,0.0,0.0,0.0,0.00158,0.0
1520.9999905698,0.0,0.0,0.0,0.0,0.0,0.001734,0.0
1522.00000785352,0.0,0.0,0.0,0.0,0.0,0.001923,0.0
1522.99999564422,0.0,0.0,0.0,0.0,0.0,0.002121,0.0
1523.99999768352,0.0,0.0,0.0,0.0,0.0,0.002327,0.0
1525.0000114375,0.0,0.0,0.0,0.0,0.0,0.002577,0.0
1526.00001107876,0.0,0.0,0.0,0.0,0.0,0.00287,0.0
1526.99999396835,0.0,0.0,0.0,0.0,0.0,0.003184,0.0
1528.00000415616,0.0,0.0,0.0,0.0,0.0,0.00355,0.0
1528.99999241616,0.0,0.0,0.0,0.0,0.0,0.003956,0.0
1530.0000029070002,0.0,0.0,0.0,0.0,0.0,0.00442,0.0
1531.00000970654,0.0,0.0,0.0,0.0,0.0,0.004966,0.0
1532.0000102337601,0.0,0.0,0.0,0.0,0.0,0.005527,0.0
1533.00000190092,0.0,0.0,0.0,0.0,0.0,0.006247,0.0
1534.00000564512,0.0,0.0,0.0,0.0,0.0,0.006991,0.0
1534.999995395,0.0,0.0,0.0,0.0,0.0,0.007914,0.0
1535.99999213568,0.0,0.0,0.0,0.0,0.0,0.008788,0.0
1536.99999334479,0.0,0.0,0.0,0.0,0.0,0.009577,0.0
1537.99999649336,0.0,0.0,0.0,0.0,0.0,0.01063,0.0
1538.99999904582,0.0,0.0,0.0,0.0,0.0,0.01208,0.0
1539.99999846,0.0,0.0,0.0,0.0,0.0,0.013637,0.0
1540.9999921871301,0.0,0.0,0.0,0.0,0.0,0.015646,0.0
1542.00000144948,0.0,0.0,0.0,0.0,0.0,0.017733,0.0
1542.99999996914,0.0,0.0,0.0,0.0,0.0,0.02051,0.0
1544.0000090169601,0.0,0.0,0.0,0.0,0.0,0.023353,0.0
1545.00000224025,0.0,0.0,0.0,0.0,0.0,0.027016,0.0
1546.00000095852,0.0,0.0,0.0,0.0,0.0,0.030678,0.0
1547.00000267631,0.0,0.0,0.0,0.0,0.0,0.035855,0.0
1548.00000489168,0.0,0.0,0.0,0.0,0.0,0.041476,0.0
1549.00000509621,0.0,0.0,0.0,0.0,0.0,0.048627,0.0
1550.000000775,0.0,0.0,0.0,0.0,0.0,0.05694,0.0
1550.99998940667,0.0,0.0,0.0,0.0,0.0,0.066557,0.0
1551.9999925504,0.0,0.0,0.0,0.0,0.0,0.077231,0.0
1553.0000077650002,0.0,0.0,0.0,0.0,0.0,0.088892,0.0
1554.00000845376,0.0,0.0,0.0,0.0,0.0,0.10461,0.0
1554.9999920695,0.0,0.0,0.0,0.0,0.0,0.122681,0.0
1556.00000448128,0.0,0.0,0.0,0.0,0.0,0.142529,0.0
1556.99999483076,0.0,0.0,0.0,0.0,0.0,0.167165,0.0
1558.00000909872,0.0,0.0,0.0,0.0,0.0,0.19408,0.0
1558.99999628958,0.0,0.0,0.0,0.0,0.0,0.226914,0.0
1560.000002496,0.0,0.0,0.0,0.0,0.0,0.261056,0.0
1561.00000095221,0.0,0.0,0.0,0.0,0.0,0.300046,0.0
1561.99998915972,0.0,0.0,0.0,0.0,0.0,0.339366,0.0
1562.99998904337,0.0,0.0,0.0,0.0,0.0,0.388409,0.0
1563.99999818576,0.0,0.0,0.0,0.0,0.0,0.438838,0.0
1564.999989671,0.0,0.0,0.0,0.0,0.0,0.495001,0.0
1566.0000100224001,0.0,0.0,0.0,0.0,0.0,0.549538,0.0
1567.0000077879902,0.0,0.0,0.0,0.0,0.0,0.601726,0.0
1568.0000050176,0.0,0.0,0.0,0.0,0.0,0.651512,0.0
1568.99999926257,0.0,0.0,0.0,0.0,0.0,0.699258,0.0
1569.999988068,0.0,0.0,0.0,0.0,0.0,0.742805,0.0
1570.99999365316,0.0,0.0,0.0,0.0,0.0,0.784311,0.0
1571.9999889331202,0.0,0.0,0.0,0.0,0.0,0.816472,0.0
1572.99999617761,0.0,0.0,0.0,0.0,0.0,0.847657,0.0
1573.9999882264801,0.0,0.0,0.0,0.0,0.0,0.869431,0.0
1575.0000122062502,0.0,0.0,0.0,0.0,0.0,0.88958,0.0
1575.99999130048,0.0,0.0,0.0,0.0,0.0,0.903652,0.0
1576.99999752411,0.0,0.0,0.0,0.0,0.0,0.916211,0.0
1578.0000036609601,0.0,0.0,0.0,0.0,0.0,0.925945,0.0
1579.0000072949802,0.0,0.0,0.0,0.0,0.0,0.93301,0.0
1580.000006004,0.0,0.0,0.0,0.0,0.0,0.937478,0.0
1580.99999735973,0.0,0.0,0.0,0.0,0.0,0.940505,0.0
1582.000003955,0.0,0.0,0.0,0.0,0.0,0.942412,0.0
1582.9999983853402,0.0,0.0,0.0,0.0,0.0,0.944083,0.0
1584.00000329472,0.0,0.0,0.0,0.0,0.0,0.945471,0.0
1584.9999912032501,0.0,0.0,0.0,0.0,0.0,0.946192,0.0
1586.0000099600802,0.0,0.0,0.0,0.0,0.0,0.946243,0.0
1587.0000069193202,0.0,0.0,0.0,0.0,0.0,0.946255,0.0
1588.0000048275201,0.0,0.0,0.0,0.0,0.0,0.946226,0.0
1589.00000130298,0.0,0.0,0.0,0.0,0.0,0.946064,0.0
1589.999993958,0.0,0.0,0.0,0.0,0.0,0.945748,0.0
1591.0000057116902,0.0,0.0,0.0,0.0,0.0,0.945534,0.0
1592.0000089152,0.0,0.0,0.0,0.0,0.0,0.945584,0.0
1593.0000011628902,0.0,0.0,0.0,0.0,0.0,0.945825,0.0
1594.00000545148,0.0,0.0,0.0,0.0,0.0,0.946271,0.0
1594.9999940187502,0.0,0.0,0.0,0.0,0.0,0.946345,0.0
1595.99998991328,0.0,0.0,0.0,0.0,0.0,0.947684,0.0
1596.99999080128,0.0,0.0,0.0,0.0,0.0,0.948013,0.0
1597.99999434308,0.0,0.0,0.0,0.0,0.0,0.949075,0.0
1598.99999819313,0.0,0.0,0.0,0.0,0.0,0.950582,0.0
1600.0,0.0,0.0,0.0,0.0,0.0,0.952028,0.0
1600.99999740638,0.0,0.0,0.0,0.0,0.0,0.952302,0.0
1601.9999880490802,0.0,0.0,0.0,0.0,0.0,0.953664,0.0
1602.99999525512,0.0,0.0,0.0,0.0,0.0,0.955037,0.0
1603.9999910176002,0.0,0.0,0.0,0.0,0.0,0.953481,0.0
1604.999998716,0.0,0.0,0.0,0.0,0.0,0.955659,0.0
1605.99999026764,0.0,0.0,0.0,0.0,0.0,0.956555,0.0
1606.99998910454,0.0,0.0,0.0,0.0,0.0,0.957159,0.0
1607.9999929248002,0.0,0.0,0.0,0.0,0.0,0.957512,0.0
1608.99999942076,0.0,0.0,0.0,0.0,0.0,0.957777,0.0
1610.0000062790002,0.0,0.0,0.0,0.0,0.0,0.95878,0.0
1611.0000111803402,0.0,0.0,0.0,0.0,0.0,0.960296,0.0
1612.0000117998402,0.0,0.0,0.0,0.0,0.0,0.96157,0.0
1613.0000058068001,0.0,0.0,0.0,0.0,0.0,0.96229,0.0
1613.99999086476,0.0,0.0,0.0,0.0,0.0,0.963009,0.0
1614.99999071375,0.0,0.0,0.0,0.0,0.0,0.964259,0.0
1616.00000310272,0.0,0.0,0.0,0.0,0.0,0.965616,0.0
1616.9999996280899,0.0,0.0,0.0,0.0,0.0,0.967002,0.0
1618.00000410972,0.0,0.0,0.0,0.0,0.0,0.96844,0.0
1618.9999880679702,0.0,0.0,0.0,0.0,0.0,0.96985,0.0
1620.00000162,0.0,0.0,0.0,0.0,0.0,0.970952,0.0
1620.99999003085,0.0,0.0,0.0,0.0,0.0,0.972848,0.0
1622.0000035359599,0.0,0.0,0.0,0.0,0.0,0.974593,0.0
1622.99998725945,0.0,0.0,0.0,0.0,0.0,0.976105,0.0
1623.9999915552,0.0,0.0,0.0,0.0,0.0,0.977671,0.0
1624.9999878125002,0.0,0.0,0.0,0.0,0.0,0.979538,0.0
1626.0000001626001,0.0,0.0,0.0,0.0,0.0,0.981404,0.0
1626.99999991865,0.0,0.0,0.0,0.0,0.0,0.982742,0.0
1628.0000112657601,0.0,0.0,0.0,0.0,0.0,0.985098,0.0
1629.0000054408601,0.0,0.0,0.0,0.0,0.0,0.986812,0.0
1630.000006683,0.0,0.0,0.0,0.0,0.0,0.987818,0.0
1631.0000127544201,0.0,0.0,0.0,0.0,0.0,0.991001,0.0
1631.9999947776,0.0,0.0,0.0,0.0,0.0,0.993337,0.0
1633.00000373957,0.0,0.0,0.0,0.0,0.0,0.995282,0.0
1634.0000107844,0.0,0.0,0.0,0.0,0.0,0.997115,0.0
1634.9999869200003,0.0,0.0,0.0,0.0,0.0,0.998558,0.0
1636.0000100777602,0.0,0.0,0.0,0.0,0.0,1.0,0.0
1636.99999779005,0.0,0.0,0.0,0.0,0.0,0.998769,0.0
1638.0000013431602,0.0,0.0,0.0,0.0,0.0,0.997234,0.0
1638.9999916902702,0.0,0.0,0.0,0.0,0.0,0.992435,0.0
1639.99999344,0.0,0.0,0.0,0.0,0.0,0.985591,0.0
1641.00000439788,0.0,0.0,0.0,0.0,0.0,0.976468,0.0
1641.9999954024,0.0,0.0,0.0,0.0,0.0,0.961277,0.0
1642.99999114423,0.0,0.0,0.0,0.0,0.0,0.938631,0.0
1643.9999894126402,0.0,0.0,0.0,0.0,0.0,0.901288,0.0
1644.9999879915001,0.0,0.0,0.0,0.0,0.0,0.861493,0.0
1646.00001175244,0.0,0.0,0.0,0.0,0.0,0.814323,0.0
1647.00000431514,0.0,0.0,0.0,0.0,0.0,0.760368,0.0
1647.9999905075201,0.0,0.0,0.0,0.0,0.0,0.70383,0.0
1648.99999528386,0.0,0.0,0.0,0.0,0.0,0.641869,0.0
1649.9999892750002,0.0,0.0,0.0,0.0,0.0,0.578294,0.0
1650.99999749048,0.0,0.0,0.0,0.0,0.0,0.511232,0.0
1651.9999904844801,0.0,0.0,0.0,0.0,0.0,0.450914,0.0
1652.99999332188,0.0,0.0,0.0,0.0,0.0,0.391094,0.0
1654.00000383728,0.0,0.0,0.0,0.0,0.0,0.337238,0.0
1654.9999924697502,0.0,0.0,0.0,0.0,0.0,0.286623,0.0
1656.0000117907202,0.0,0.0,0.0,0.0,0.0,0.24554,0.0
1657.0000048053,0.0,0.0,0.0,0.0,0.0,0.207482,0.0
1657.9999967171602,0.0,0.0,0.0,0.0,0.0,0.176094,0.0
1659.00001285725,0.0,0.0,0.0,0.0,0.0,0.148155,0.0
1659.9999960159998,0.0,0.0,0.0,0.0,0.0,0.126294,0.0
1660.99999906984,0.0,0.0,0.0,0.0,0.0,0.105936,0.0
1661.99999228832,0.0,0.0,0.0,0.0,0.0,0.088476,0.0
1663.0000011142101,0.0,0.0,0.0,0.0,0.0,0.074023,0.0
1663.99999574016,0.0,0.0,0.0,0.0,0.0,0.062656,0.0
1665.000001665,0.0,0.0,0.0,0.0,0.0,0.05266,0.0
1665.9999890044,0.0,0.0,0.0,0.0,0.0,0.044436,0.0
1667.0000111022202,0.0,0.0,0.0,0.0,0.0,0.037323,0.0
1668.00001027488,0.0,0.0,0.0,0.0,0.0,0.031761,0.0
1669.00001213363,0.0,0.0,0.0,0.0,0.0,0.026729,0.0
1669.99998664,0.0,0.0,0.0,0.0,0.0,0.022714,0.0
1670.9999873839502,0.0,0.0,0.0,0.0,0.0,0.019261,0.0
1672.00001230592,0.0,0.0,0.0,0.0,0.0,0.016471,0.0
1673.00000336273,0.0,0.0,0.0,0.0,0.0,0.013992,0.0
1673.9999863066803,0.0,0.0,0.0,0.0,0.0,0.011965,0.0
1674.99998701875,0.0,0.0,0.0,0.0,0.0,0.010467,0.0
1676.00000341904,0.0,0.0,0.0,0.0,0.0,0.009442,0.0
1677.00000529932,0.0,0.0,0.0,0.0,0.0,0.008352,0.0
1677.99999046896,0.0,0.0,0.0,0.0,0.0,0.007203,0.0
1679.0000131129902,0.0,0.0,0.0,0.0,0.0,0.006192,0.0
1679.99998656,0.0,0.0,0.0,0.0,0.0,0.00537,0.0
1680.999993276,0.0,0.0,0.0,0.0,0.0,0.004651,0.0
1682.00000296032,0.0,0.0,0.0,0.0,0.0,0.004053,0.0
1683.0000134976601,0.0,0.0,0.0,0.0,0.0,0.003525,0.0
1683.99999440912,0.0,0.0,0.0,0.0,0.0,0.003084,0.0
1685.00000025275,0.0,0.0,0.0,0.0,0.0,0.002693,0.0
1686.0000005732402,0.0,0.0,0.0,0.0,0.0,0.002366,0.0
1686.99999323513,0.0,0.0,0.0,0.0,0.0,0.002072,0.0
1688.0000045913598,0.0,0.0,0.0,0.0,0.0,0.001828,0.0
1689.0000040704901,0.0,0.0,0.0,0.0,0.0,0.001609,0.0
1689.9999895219999,0.0,0.0,0.0,0.0,0.0,0.00142,0.0
1690.99998738514,0.0,0.0,0.0,0.0,0.0,0.001266,0.0
1691.9999956008,0.0,0.0,0.0,0.0,0.0,0.001129,0.0
1693.00001210495,0.0,0.0,0.0,0.0,0.0,0.001005,0.0
1694.0000061322799,0.0,0.0,0.0,0.0,0.0,0.000903,0.0
1695.0000042375,0.0,0.0,0.0,0.0,0.0,0.000807,0.0
1696.0000043417601,0.0,0.0,0.0,0.0,0.0,0.000731,0.0
1697.00000436129,0.0,0.0,0.0,0.0,0.0,0.000659,0.0
2036.9999862706202,0.0,0.0,0.0,0.0,0.0,0.0,0.001003
2038.00001846428,0.0,0.0,0.0,0.0,0.0,0.0,0.001043
2038.99999365871,0.0,0.0,0.0,0.0,0.0,0.0,0.0011
2039.9999934720001,0.0,0.0,0.0,0.0,0.0,0.0,0.001158
2041.0000165321,0.0,0.0,0.0,0.0,0.0,0.0,0.001227
2042.0000197665602,0.0,0.0,0.0,0.0,0.0,0.0,0.001297
2043.00000167526,0.0,0.0,0.0,0.0,0.0,0.0,0.001377
2044.0000025345598,0.0,0.0,0.0,0.0,0.0,0.0,0.001459
2044.9999791410003,0.0,0.0,0.0,0.0,0.0,0.0,0.001557
2046.0000137082,0.0,0.0,0.0,0.0,0.0,0.0,0.001657
2046.99997926389,0.0,0.0,0.0,0.0,0.0,0.0,0.001774
2048.0,0.0,0.0,0.0,0.0,0.0,0.0,0.001892
2048.99999067705,0.0,0.0,0.0,0.0,0.0,0.0,0.002036
2049.9999918000003,0.0,0.0,0.0,0.0,0.0,0.0,0.002182
2051.00000196896,0.0,0.0,0.0,0.0,0.0,0.0,0.002345
2052.0000197812806,0.0,0.0,0.0,0.0,0.0,0.0,0.002521
2053.0000016834597,0.0,0.0,0.0,0.0,0.0,0.0,0.002725
2053.99998833328,0.0,0.0,0.0,0.0,0.0,0.0,0.002934
2055.00002055,0.0,0.0,0.0,0.0,0.0,0.0,0.003184
2056.0000125004804,0.0,0.0,0.0,0.0,0.0,0.0,0.003439
2057.00000495737,0.0,0.0,0.0,0.0,0.0,0.0,0.003735
2057.9999965014,0.0,0.0,0.0,0.0,0.0,0.0,0.00404
2058.99998571054,0.0,0.0,0.0,0.0,0.0,0.0,0.004408
2060.000013596,0.0,0.0,0.0,0.0,0.0,0.0,0.004778
2060.99999389944,0.0,0.0,0.0,0.0,0.0,0.0,0.005221
2062.0000101038,0.0,0.0,0.0,0.0,0.0,0.0,0.005669
2063.0000183400703,0.0,0.0,0.0,0.0,0.0,0.0,0.006225
2064.00001717248,0.0,0.0,0.0,0.0,0.0,0.0,0.00679
2065.0000051625,0.0,0.0,0.0,0.0,0.0,0.0,0.007492
2065.9999808688403,0.0,0.0,0.0,0.0,0.0,0.0,0.008194
2066.99998557234,0.0,0.0,0.0,0.0,0.0,0.0,0.008806
2068.0000179502404,0.0,0.0,0.0,0.0,0.0,0.0,0.009432
2068.99999106192,0.0,0.0,0.0,0.0,0.0,0.0,0.010506
2069.999989029,0.0,0.0,0.0,0.0,0.0,0.0,0.011579
2071.00001052068,0.0,0.0,0.0,0.0,0.0,0.0,0.012665
2072.0000112716803,0.0,0.0,0.0,0.0,0.0,0.0,0.01378
2072.99998982157,0.0,0.0,0.0,0.0,0.0,0.0,0.01552
2073.99998772192,0.0,0.0,0.0,0.0,0.0,0.0,0.01726
2075.00000363125,0.0,0.0,0.0,0.0,0.0,0.0,0.019002
2075.99999310768,0.0,0.0,0.0,0.0,0.0,0.0,0.020744
2076.9999978191504,0.0,0.0,0.0,0.0,0.0,0.0,0.023401
2078.0000164162,0.0,0.0,0.0,0.0,0.0,0.0,0.026183
2079.0000043243203,0.0,0.0,0.0,0.0,0.0,0.0,0.029204
2080.0000033280003,0.0,0.0,0.0,0.0,0.0,0.0,0.032293
2081.0000120698,0.0,0.0,0.0,0.0,0.0,0.0,0.035955
2081.9999858424003,0.0,0.0,0.0,0.0,0.0,0.0,0.039918
2083.00000993591,0.0,0.0,0.0,0.0,0.0,0.0,0.044998
2083.9999962488,0.0,0.0,0.0,0.0,0.0,0.0,0.050567
2084.99998676025,0.0,0.0,0.0,0.0,0.0,0.0,0.056566
2085.99998009956,0.0,0.0,0.0,0.0,0.0,0.0,0.062765
2087.0000184490805,0.0,0.0,0.0,0.0,0.0,0.0,0.070999
2088.0000133632,0.0,0.0,0.0,0.0,0.0,0.0,0.07984
2089.00000697726,0.0,0.0,0.0,0.0,0.0,0.0,0.090185
2089.99999791,0.0,0.0,0.0,0.0,0.0,0.0,0.101131
2090.99998477752,0.0,0.0,0.0,0.0,0.0,0.0,0.113044
2092.00000995792,0.0,0.0,0.0,0.0,0.0,0.0,0.125318
2092.99998457459,0.0,0.0,0.0,0.0,0.0,0.0,0.141042
2093.99999480688,0.0,0.0,0.0,0.0,0.0,0.0,0.157729
2094.99999549575,0.0,0.0,0.0,0.0,0.0,0.0,0.178463
2095.99998524416,0.0,0.0,0.0,0.0,0.0,0.0,0.199467
2097.00000662652,0.0,0.0,0.0,0.0,0.0,0.0,0.221953
2098.0000143503203,0.0,0.0,0.0,0.0,0.0,0.0,0.244932
2099.0000070106603,0.0,0.0,0.0,0.0,0.0,0.0,0.274594
2099.9999832,0.0,0.0,0.0,0.0,0.0,0.0,0.305811
2100.9999856501704,0.0,0.0,0.0,0.0,0.0,0.0,0.337659
2102.00001307444,0.0,0.0,0.0,0.0,0.0,0.0,0.369787
2103.00001995747,0.0,0.0,0.0,0.0,0.0,0.0,0.406133
2104.00000488128,0.0,0.0,0.0,0.0,0.0,0.0,0.443472
2105.0000107355004,0.0,0.0,0.0,0.0,0.0,0.0,0.484429
2105.99999187084,0.0,0.0,0.0,0.0,0.0,0.0,0.526394
2106.99999125595,0.0,0.0,0.0,0.0,0.0,0.0,0.558685
2108.0000075888,0.0,0.0,0.0,0.0,0.0,0.0,0.590158
2108.99999508603,0.0,0.0,0.0,0.0,0.0,0.0,0.628452
2109.999996835,0.0,0.0,0.0,0.0,0.0,0.0,0.670818
2111.00001152606,0.0,0.0,0.0,0.0,0.0,0.0,0.703693
2111.9999932416,0.0,0.0,0.0,0.0,0.0,0.0,0.731186
2112.99998518787,0.0,0.0,0.0,0.0,0.0,0.0,0.756157
2113.9999860476,0.0,0.0,0.0,0.0,0.0,0.0,0.779935
2114.999994501,0.0,0.0,0.0,0.0,0.0,0.0,0.804235
2116.00000922576,0.0,0.0,0.0,0.0,0.0,0.0,0.828536
2116.99998408016,0.0,0.0,0.0,0.0,0.0,0.0,0.846079
2118.00000732828,0.0,0.0,0.0,0.0,0.0,0.0,0.860239
2118.99998796408,0.0,0.0,0.0,0.0,0.0,0.0,0.869194
2120.000014416,0.0,0.0,0.0,0.0,0.0,0.0,0.881001
2120.99999550348,0.0,0.0,0.0,0.0,0.0,0.0,0.890429
2122.0000198194803,0.0,0.0,0.0,0.0,0.0,0.0,0.899823
2122.9999960087603,0.0,0.0,0.0,0.0,0.0,0.0,0.906957
2124.0000128289603,0.0,0.0,0.0,0.0,0.0,0.0,0.913981
2124.99997875,0.0,0.0,0.0,0.0,0.0,0.0,0.917211
2125.9999826943604,0.0,0.0,0.0,0.0,0.0,0.0,0.920485
2126.99997819825,0.0,0.0,0.0,0.0,0.0,0.0,0.925421
2128.00000919296,0.0,0.0,0.0,0.0,0.0,0.0,0.92985
2128.99998379831,0.0,0.0,0.0,0.0,0.0,0.0,0.931537
2129.999991267,0.0,0.0,0.0,0.0,0.0,0.0,0.9325
2130.99998495514,0.0,0.0,0.0,0.0,0.0,0.0,0.934632
2132.0000089544,0.0,0.0,0.0,0.0,0.0,0.0,0.93673
2133.00001653075,0.0,0.0,0.0,0.0,0.0,0.0,0.937853
2134.00000631664,0.0,0.0,0.0,0.0,0.0,0.0,0.938944
2135.00002252425,0.0,0.0,0.0,0.0,0.0,0.0,0.940986
2136.00001828416,0.0,0.0,0.0,0.0,0.0,0.0,0.942625
2136.99999222132,0.0,0.0,0.0,0.0,0.0,0.0,0.942275
2137.9999886686,0.0,0.0,0.0,0.0,0.0,0.0,0.942303
2139.00000637422,0.0,0.0,0.0,0.0,0.0,0.0,0.943797
2139.999998288,0.0,0.0,0.0,0.0,0.0,0.0,0.945153
2141.00000886374,0.0,0.0,0.0,0.0,0.0,0.0,0.945041
2141.99999096076,0.0,0.0,0.0,0.0,0.0,0.0,0.944982
2142.9999891135603,0.0,0.0,0.0,0.0,0.0,0.0,0.94593
2144.0000020582397,0.0,0.0,0.0,0.0,0.0,0.0,0.946925
2144.99998251825,0.0,0.0,0.0,0.0,0.0,0.0,0.949192
2146.00002120248,0.0,0.0,0.0,0.0,0.0,0.0,0.95146
2146.99997868029,0.0,0.0,0.0,0.0,0.0,0.0,0.952722
2147.9999918376,0.0,0.0,0.0,0.0,0.0,0.0,0.953948
2149.00001334529,0.0,0.0,0.0,0.0,0.0,0.0,0.953582
2149.9999957,0.0,0.0,0.0,0.0,0.0,0.0,0.953072
2150.9999837599503,0.0,0.0,0.0,0.0,0.0,0.0,0.955541
2152.00002255296,0.0,0.0,0.0,0.0,0.0,0.0,0.957979
2153.00001821438,0.0,0.0,0.0,0.0,0.0,0.0,0.958338
2154.0000157242002,0.0,0.0,0.0,0.0,0.0,0.0,0.958764
2155.000013792,0.0,0.0,0.0,0.0,0.0,0.0,0.959798
2156.00001112496,0.0,0.0,0.0,0.0,0.0,0.0,0.960799
2157.00000642786,0.0,0.0,0.0,0.0,0.0,0.0,0.960588
2157.99999840308,0.0,0.0,0.0,0.0,0.0,0.0,0.960376
2158.9999857506,0.0,0.0,0.0,0.0,0.0,0.0,0.960641
2160.000013824,0.0,0.0,0.0,0.0,0.0,0.0,0.962203
2160.9999880496703,0.0,0.0,0.0,0.0,0.0,0.0,0.964011
2162.0000004756403,0.0,0.0,0.0,0.0,0.0,0.0,0.963728
2163.00000313635,0.0,0.0,0.0,0.0,0.0,0.0,0.963975
2163.99999471984,0.0,0.0,0.0,0.0,0.0,0.0,0.964473
2165.0000207840003,0.0,0.0,0.0,0.0,0.0,0.0,0.965218
2165.99998631088,0.0,0.0,0.0,0.0,0.0,0.0,0.966076
2166.9999837691703,0.0,0.0,0.0,0.0,0.0,0.0,0.966967
2168.0000119673605,0.0,0.0,0.0,0.0,0.0,0.0,0.967891
2169.0000226660504,0.0,0.0,0.0,0.0,0.0,0.0,0.967444
2170.000014539,0.0,0.0,0.0,0.0,0.0,0.0,0.965491
2170.99998625757,0.0,0.0,0.0,0.0,0.0,0.0,0.96621
2171.99998366656,0.0,0.0,0.0,0.0,0.0,0.0,0.968051
2173.0000055628802,0.0,0.0,0.0,0.0,0.0,0.0,0.968998
2174.0000034784002,0.0,0.0,0.0,0.0,0.0,0.0,0.969199
2175.0000233812502,0.0,0.0,0.0,0.0,0.0,0.0,0.968605
2176.00001671168,0.0,0.0,0.0,0.0,0.0,0.0,0.967535
2176.99998212683,0.0,0.0,0.0,0.0,0.0,0.0,0.96692
2178.00001315512,0.0,0.0,0.0,0.0,0.0,0.0,0.966851
2179.0000137494903,0.0,0.0,0.0,0.0,0.0,0.0,0.968032
2179.9999825600003,0.0,0.0,0.0,0.0,0.0,0.0,0.969742
2181.00001336953,0.0,0.0,0.0,0.0,0.0,0.0,0.970151
2182.00000986264,0.0,0.0,0.0,0.0,0.0,0.0,0.97056
2183.0000183372003,0.0,0.0,0.0,0.0,0.0,0.0,0.972126
2183.99998986624,0.0,0.0,0.0,0.0,0.0,0.0,0.974198
2185.0000185725003,0.0,0.0,0.0,0.0,0.0,0.0,0.974528
2186.0000077821596,0.0,0.0,0.0,0.0,0.0,0.0,0.974858
2187.00000395847,0.0,0.0,0.0,0.0,0.0,0.0,0.97576
2188.00000586384,0.0,0.0,0.0,0.0,0.0,0.0,0.976921
2189.0000122584,0.0,0.0,0.0,0.0,0.0,0.0,0.977138
2190.0000219000003,0.0,0.0,0.0,0.0,0.0,0.0,0.977301
2190.9999855394,0.0,0.0,0.0,0.0,0.0,0.0,0.977417
2191.99999789568,0.0,0.0,0.0,0.0,0.0,0.0,0.977462
2193.00000975885,0.0,0.0,0.0,0.0,0.0,0.0,0.976456
2194.00001987764,0.0,0.0,0.0,0.0,0.0,0.0,0.97545
2194.9999788182504,0.0,0.0,0.0,0.0,0.0,0.0,0.97717
2195.99998164144,0.0,0.0,0.0,0.0,0.0,0.0,0.976789
2196.99997895274,0.0,0.0,0.0,0.0,0.0,0.0,0.976636
2198.0000178038,0.0,0.0,0.0,0.0,0.0,0.0,0.976519
2199.00000035184,0.0,0.0,0.0,0.0,0.0,0.0,0.978598
2200.000022,0.0,0.0,0.0,0.0,0.0,0.0,0.980677
2200.99998472506,0.0,0.0,0.0,0.0,0.0,0.0,0.980934
2201.99998410156,0.0,0.0,0.0,0.0,0.0,0.0,0.980898
2203.00001898986,0.0,0.0,0.0,0.0,0.0,0.0,0.980048
2203.99999109584,0.0,0.0,0.0,0.0,0.0,0.0,0.980114
2204.9999962515003,0.0,0.0,0.0,0.0,0.0,0.0,0.979215
2205.99998464624,0.0,0.0,0.0,0.0,0.0,0.0,0.978788
2207.0000037077602,0.0,0.0,0.0,0.0,0.0,0.0,0.97845
2208.0000035328003,0.0,0.0,0.0,0.0,0.0,0.0,0.976818
2208.99998283607,0.0,0.0,0.0,0.0,0.0,0.0,0.977057
2209.999989171,0.0,0.0,0.0,0.0,0.0,0.0,0.978793
2211.00002138037,0.0,0.0,0.0,0.0,0.0,0.0,0.979078
2211.9999804459203,0.0,0.0,0.0,0.0,0.0,0.0,0.978043
2213.00001186168,0.0,0.0,0.0,0.0,0.0,0.0,0.978479
2214.0000165607203,0.0,0.0,0.0,0.0,0.0,0.0,0.977368
2214.99999324425,0.0,0.0,0.0,0.0,0.0,0.0,0.976989
2215.99998971776,0.0,0.0,0.0,0.0,0.0,0.0,0.976706
2217.00000481089,0.0,0.0,0.0,0.0,0.0,0.0,0.976566
2217.9999881558797,0.0,0.0,0.0,0.0,0.0,0.0,0.97742
2218.99998768455,0.0,0.0,0.0,0.0,0.0,0.0,0.977107
2220.00000222,0.0,0.0,0.0,0.0,0.0,0.0,0.976256
2220.9999812547603,0.0,0.0,0.0,0.0,0.0,0.0,0.976092
2222.00002222,0.0,0.0,0.0,0.0,0.0,0.0,0.976458
2222.9999758137606,0.0,0.0,0.0,0.0,0.0,0.0,0.976787
2223.99998896896,0.0,0.0,0.0,0.0,0.0,0.0,0.977137
2225.000011125,0.0,0.0,0.0,0.0,0.0,0.0,0.979349
2225.9999915412,0.0,0.0,0.0,0.0,0.0,0.0,0.978786
2226.99997848718,0.0,0.0,0.0,0.0,0.0,0.0,0.980024
2228.0000204084804,0.0,0.0,0.0,0.0,0.0,0.0,0.979694
2229.00001687353,0.0,0.0,0.0,0.0,0.0,0.0,0.979472
2230.000016279,0.0,0.0,0.0,0.0,0.0,0.0,0.979585
2231.0000174241104,0.0,0.0,0.0,0.0,0.0,0.0,0.979737
2232.0000191059203,0.0,0.0,0.0,0.0,0.0,0.0,0.980077
2233.00002011933,0.0,0.0,0.0,0.0,0.0,0.0,0.980415
2234.00001925708,0.0,0.0,0.0,0.0,0.0,0.0,0.980752
2235.0000153097503,0.0,0.0,0.0,0.0,0.0,0.0,0.981211
2236.00000706576,0.0,0.0,0.0,0.0,0.0,0.0,0.981802
2236.99999331137,0.0,0.0,0.0,0.0,0.0,0.0,0.983257
2238.00002291712,0.0,0.0,0.0,0.0,0.0,0.0,0.984855
2238.99999453684,0.0,0.0,0.0,0.0,0.0,0.0,0.984582
2240.0000071679997,0.0,0.0,0.0,0.0,0.0,0.0,0.985731
2241.00000950184,0.0,0.0,0.0,0.0,0.0,0.0,0.986827
2242.0000003138803,0.0,0.0,0.0,0.0,0.0,0.0,0.98754
2242.99997837748,0.0,0.0,0.0,0.0,0.0,0.0,0.988081
2243.9999928191996,0.0,0.0,0.0,0.0,0.0,0.0,0.987956
2244.9999921425,0.0,0.0,0.0,0.0,0.0,0.0,0.988807
2245.99997511432,0.0,0.0,0.0,0.0,0.0,0.0,0.988958
2246.99999098953,0.0,0.0,0.0,0.0,0.0,0.0,0.988895
2247.99998813056,0.0,0.0,0.0,0.0,0.0,0.0,0.98787
2249.00001587794,0.0,0.0,0.0,0.0,0.0,0.0,0.986779
2250.0000225,0.0,0.0,0.0,0.0,0.0,0.0,0.985171
2251.000006753,0.0,0.0,0.0,0.0,0.0,0.0,0.983777
2252.00001810608,0.0,0.0,0.0,0.0,0.0,0.0,0.982621
2253.00000468624,0.0,0.0,0.0,0.0,0.0,0.0,0.981618
2254.00001604848,0.0,0.0,0.0,0.0,0.0,0.0,0.980627
2255.0000002255,0.0,0.0,0.0,0.0,0.0,0.0,0.979548
2256.00000685824,0.0,0.0,0.0,0.0,0.0,0.0,0.978504
2256.99998388502,0.0,0.0,0.0,0.0,0.0,0.0,0.977528
2257.9999810328,0.0,0.0,0.0,0.0,0.0,0.0,0.976472
2258.99999717625,0.0,0.0,0.0,0.0,0.0,0.0,0.975415
2259.9999801120002,0.0,0.0,0.0,0.0,0.0,0.0,0.975542
2260.99997969622,0.0,0.0,0.0,0.0,0.0,0.0,0.977511
2261.9999947974,0.0,0.0,0.0,0.0,0.0,0.0,0.980163
2263.00002428199,0.0,0.0,0.0,0.0,0.0,0.0,0.975131
2264.00001575744,0.0,0.0,0.0,0.0,0.0,0.0,0.974954
2265.0000192525,0.0,0.0,0.0,0.0,0.0,0.0,0.975294
2265.99998227988,0.0,0.0,0.0,0.0,0.0,0.0,0.976183
2267.0000063476,0.0,0.0,0.0,0.0,0.0,0.0,0.978599
2267.99998757136,0.0,0.0,0.0,0.0,0.0,0.0,0.979641
2268.99997615281,0.0,0.0,0.0,0.0,0.0,0.0,0.980769
2270.000022473,0.0,0.0,0.0,0.0,0.0,0.0,0.983143
2271.0000223693505,0.0,0.0,0.0,0.0,0.0,0.0,0.98586
2271.9999745536006,0.0,0.0,0.0,0.0,0.0,0.0,0.989653
2272.99998106591,0.0,0.0,0.0,0.0,0.0,0.0,0.991818
2273.9999891757598,0.0,0.0,0.0,0.0,0.0,0.0,0.993769
2274.999997725,0.0,0.0,0.0,0.0,0.0,0.0,0.996188
2276.00000555344,0.0,0.0,0.0,0.0,0.0,0.0,0.997963
2277.00001149885,0.0,0.0,0.0,0.0,0.0,0.0,0.999233
2278.00001439696,0.0,0.0,0.0,0.0,0.0,0.0,1.0
2279.00001308146,0.0,0.0,0.0,0.0,0.0,0.0,0.997921
2280.0000063840002,0.0,0.0,0.0,0.0,0.0,0.0,0.994462
2280.9999931341904,0.0,0.0,0.0,0.0,0.0,0.0,0.985819
2282.00002423484,0.0,0.0,0.0,0.0,0.0,0.0,0.975747
2282.99999440665,0.0,0.0,0.0,0.0,0.0,0.0,0.961284
2284.00000666928,0.0,0.0,0.0,0.0,0.0,0.0,0.943358
2285.000007769,0.0,0.0,0.0,0.0,0.0,0.0,0.91998
2285.99999652528,0.0,0.0,0.0,0.0,0.0,0.0,0.893767
2287.0000240592403,0.0,0.0,0.0,0.0,0.0,0.0,0.859157
2287.99998462464,0.0,0.0,0.0,0.0,0.0,0.0,0.823576
2288.999981688,0.0,0.0,0.0,0.0,0.0,0.0,0.78116
2290.000014198,0.0,0.0,0.0,0.0,0.0,0.0,0.736782
2290.99997612778,0.0,0.0,0.0,0.0,0.0,0.0,0.688226
2292.0000237451204,0.0,0.0,0.0,0.0,0.0,0.0,0.639623
2292.9999983949,0.0,0.0,0.0,0.0,0.0,0.0,0.589829
2294.00000399156,0.0,0.0,0.0,0.0,0.0,0.0,0.540922
2294.9999868037503,0.0,0.0,0.0,0.0,0.0,0.0,0.492261
2295.99999834688,0.0,0.0,0.0,0.0,0.0,0.0,0.445879
2296.9999847938598,0.0,0.0,0.0,0.0,0.0,0.0,0.401257
2297.99999774796,0.0,0.0,0.0,0.0,0.0,0.0,0.358935
2298.99998328627,0.0,0.0,0.0,0.0,0.0,0.0,0.321486
2299.9999930999998,0.0,0.0,0.0,0.0,0.0,0.0,0.284203
2301.0000261163505,0.0,0.0,0.0,0.0,0.0,0.0,0.252347
2301.99997527652,0.0,0.0,0.0,0.0,0.0,0.0,0.225546
2302.9999983418397,0.0,0.0,0.0,0.0,0.0,0.0,0.201499
2303.99998820352,0.0,0.0,0.0,0.0,0.0,0.0,0.178462
2304.999996773,0.0,0.0,0.0,0.0,0.0,0.0,0.158462
2306.0000229677603,0.0,0.0,0.0,0.0,0.0,0.0,0.1388
2307.00001248087,0.0,0.0,0.0,0.0,0.0,0.0,0.123712
2308.00001735616,0.0,0.0,0.0,0.0,0.0,0.0,0.110065
2308.99998319048,0.0,0.0,0.0,0.0,0.0,0.0,0.09832
2310.0000154770005,0.0,0.0,0.0,0.0,0.0,0.0,0.08719
2311.0000064476903,0.0,0.0,0.0,0.0,0.0,0.0,0.077984
2312.0000083232,0.0,0.0,0.0,0.0,0.0,0.0,0.069323
2313.00002000745,0.0,0.0,0.0,0.0,0.0,0.0,0.06207
2313.99998685648,0.0,0.0,0.0,0.0,0.0,0.0,0.055126
2315.0000148159997,0.0,0.0,0.0,0.0,0.0,0.0,0.049442
2315.9999956459196,0.0,0.0,0.0,0.0,0.0,0.0,0.044557
2316.99998178838,0.0,0.0,0.0,0.0,0.0,0.0,0.040062
2318.00002586888,0.0,0.0,0.0,0.0,0.0,0.0,0.036213
2319.00001936365,0.0,0.0,0.0,0.0,0.0,0.0,0.032887
2320.0000148480003,0.0,0.0,0.0,0.0,0.0,0.0,0.029486
2321.0000112104303,0.0,0.0,0.0,0.0,0.0,0.0,0.026856
2322.00000733752,0.0,0.0,0.0,0.0,0.0,0.0,0.024106
2323.00000211393,0.0,0.0,0.0,0.0,0.0,0.0,0.021956
2323.9999944223996,0.0,0.0,0.0,0.0,0.0,0.0,0.019852
2324.99998314375,0.0,0.0,0.0,0.0,0.0,0.0,0.018052
2326.00002125964,0.0,0.0,0.0,0.0,0.0,0.0,0.016287
2326.99999948806,0.0,0.0,0.0,0.0,0.0,0.0,0.014869
2328.0000249561604,0.0,0.0,0.0,0.0,0.0,0.0,0.013429
2328.9999881919703,0.0,0.0,0.0,0.0,0.0,0.0,0.01233
2329.9999965049997,0.0,0.0,0.0,0.0,0.0,0.0,0.01116
2330.99999456877,0.0,0.0,0.0,0.0,0.0,0.0,0.010315
2331.99998125072,0.0,0.0,0.0,0.0,0.0,0.0,0.009648
2333.0000098452597,0.0,0.0,0.0,0.0,0.0,0.0,0.008827
2334.0000248804404,0.0,0.0,0.0,0.0,0.0,0.0,0.008069
2335.0000252180002,0.0,0.0,0.0,0.0,0.0,0.0,0.00739
2336.00000971776,0.0,0.0,0.0,0.0,0.0,0.0,0.006778
2336.99997723762,0.0,0.0,0.0,0.0,0.0,0.0,0.006245
2337.9999812960004,0.0,0.0,0.0,0.0,0.0,0.0,0.005711
2339.0000208872702,0.0,0.0,0.0,0.0,0.0,0.0,0.005268
2339.999985492,0.0,0.0,0.0,0.0,0.0,0.0,0.004831
2340.99998342572,0.0,0.0,0.0,0.0,0.0,0.0,0.004464
2342.00001367728,0.0,0.0,0.0,0.0,0.0,0.0,0.004098
2343.00002033724,0.0,0.0,0.0,0.0,0.0,0.0,0.003789
2344.0000022502404,0.0,0.0,0.0,0.0,0.0,0.0,0.003482
2345.00001324925,0.0,0.0,0.0,0.0,0.0,0.0,0.003223
2345.99999727864,0.0,0.0,0.0,0.0,0.0,0.0,0.002967
2347.00000826144,0.0,0.0,0.0,0.0,0.0,0.0,0.002753
2347.99999004448,0.0,0.0,0.0,0.0,0.0,0.0,0.002541
2348.99999664093,0.0,0.0,0.0,0.0,0.0,0.0,0.002361
2350.0000270250007,0.0,0.0,0.0,0.0,0.0,0.0,0.002184
2351.00002489709,0.0,0.0,0.0,0.0,0.0,0.0,0.002033
2351.99998908672,0.0,0.0,0.0,0.0,0.0,0.0,0.001885
2352.9999737875805,0.0,0.0,0.0,0.0,0.0,0.0,0.001759
2353.9999779665604,0.0,0.0,0.0,0.0,0.0,0.0,0.001635
2355.00000058875,0.0,0.0,0.0,0.0,0.0,0.0,0.001525
