,emit_granule_id
65,EMIT_L2A_RFL_001_20230820T192855_2323213_028
66,EMIT_L2A_RFL_001_20230820T192855_2323213_028
67,EMIT_L2A_RFL_001_20230820T192855_2323213_028
68,EMIT_L2A_RFL_001_20230820T192855_2323213_028
69,EMIT_L2A_RFL_001_20230820T192855_2323213_028
70,EMIT_L2A_RFL_001_20230820T192855_2323213_028
71,EMIT_L2A_RFL_001_20230820T192855_2323213_028
72,EMIT_L2A_RFL_001_20230820T192855_2323213_028
73,EMIT_L2A_RFL_001_20230820T192855_2323213_028
74,EMIT_L2A_RFL_001_20230820T192855_2323213_028
75,EMIT_L2A_RFL_001_20230820T192855_2323213_028
76,EMIT_L2A_RFL_001_20230820T192855_2323213_028
77,EMIT_L2A_RFL_001_20230820T192855_2323213_028
78,EMIT_L2A_RFL_001_20230820T192855_2323213_028
79,EMIT_L2A_RFL_001_20230820T192855_2323213_028
80,EMIT_L2A_RFL_001_20230820T192855_2323213_028
81,EMIT_L2A_RFL_001_20230820T192855_2323213_028
82,EMIT_L2A_RFL_001_20230820T192855_2323213_028
83,EMIT_L2A_RFL_001_20230820T192855_2323213_028
84,EMIT_L2A_RFL_001_20230820T192855_2323213_028
85,EMIT_L2A_RFL_001_20230820T192855_2323213_028
86,EMIT_L2A_RFL_001_20230820T192855_2323213_028
87,EMIT_L2A_RFL_001_20230820T192855_2323213_028
88,EMIT_L2A_RFL_001_20230820T192855_2323213_028
89,EMIT_L2A_RFL_001_20230820T192855_2323213_028
90,EMIT_L2A_RFL_001_20230820T192855_2323213_028
91,EMIT_L2A_RFL_001_20230820T192855_2323213_028
92,EMIT_L2A_RFL_001_20230820T192855_2323213_028
93,EMIT_L2A_RFL_001_20230820T192855_2323213_028
94,EMIT_L2A_RFL_001_20230820T192855_2323213_028
95,EMIT_L2A_RFL_001_20230820T192855_2323213_028
96,EMIT_L2A_RFL_001_20230820T192855_2323213_028
97,EMIT_L2A_RFL_001_20230820T192855_2323213_028
98,EMIT_L2A_RFL_001_20230820T192855_2323213_028
99,EMIT_L2A_RFL_001_20230820T192855_2323213_028
100,EMIT_L2A_RFL_001_20230820T192855_2323213_028
101,EMIT_L2A_RFL_001_20230820T192855_2323213_028
102,EMIT_L2A_RFL_001_20230820T192855_2323213_028
103,EMIT_L2A_RFL_001_20230820T192855_2323213_028
104,EMIT_L2A_RFL_001_20230820T192855_2323213_028
105,EMIT_L2A_RFL_001_20230820T192855_2323213_028
106,EMIT_L2A_RFL_001_20230820T192855_2323213_028
107,EMIT_L2A_RFL_001_20230820T192855_2323213_028
108,EMIT_L2A_RFL_001_20230820T192855_2323213_028
109,EMIT_L2A_RFL_001_20230820T192855_2323213_028
110,EMIT_L2A_RFL_001_20230820T192855_2323213_028
111,EMIT_L2A_RFL_001_20230820T192855_2323213_028
112,EMIT_L2A_RFL_001_20230820T192855_2323213_028
113,EMIT_L2A_RFL_001_20230820T192855_2323213_028
114,EMIT_L2A_RFL_001_20230820T192855_2323213_028
115,EMIT_L2A_RFL_001_20230820T192855_2323213_028
116,EMIT_L2A_RFL_001_20230820T192855_2323213_028
117,EMIT_L2A_RFL_001_20230820T192843_2323213_027
118,EMIT_L2A_RFL_001_20230820T192843_2323213_027
119,EMIT_L2A_RFL_001_20230820T192855_2323213_028
120,EMIT_L2A_RFL_001_20230820T192855_2323213_028
121,EMIT_L2A_RFL_001_20230820T192855_2323213_028
122,EMIT_L2A_RFL_001_20230820T192855_2323213_028
123,EMIT_L2A_RFL_001_20230820T192855_2323213_028
124,EMIT_L2A_RFL_001_20230820T192855_2323213_028
125,EMIT_L2A_RFL_001_20230820T192855_2323213_028
126,EMIT_L2A_RFL_001_20230820T192855_2323213_028
127,EMIT_L2A_RFL_001_20230820T192855_2323213_028
128,EMIT_L2A_RFL_001_20230820T192855_2323213_028
129,EMIT_L2A_RFL_001_20230820T192855_2323213_028
130,EMIT_L2A_RFL_001_20230820T192855_2323213_028
131,EMIT_L2A_RFL_001_20230820T192855_2323213_028
132,EMIT_L2A_RFL_001_20230820T192855_2323213_028
133,EMIT_L2A_RFL_001_20230820T192855_2323213_028
134,EMIT_L2A_RFL_001_20230820T192855_2323213_028
135,EMIT_L2A_RFL_001_20230820T192855_2323213_028
136,EMIT_L2A_RFL_001_20230820T192855_2323213_028
137,EMIT_L2A_RFL_001_20230820T192855_2323213_028
138,EMIT_L2A_RFL_001_20230820T192855_2323213_028
139,EMIT_L2A_RFL_001_20230820T192855_2323213_028
140,EMIT_L2A_RFL_001_20230820T192855_2323213_028
141,EMIT_L2A_RFL_001_20230820T192855_2323213_028
142,EMIT_L2A_RFL_001_20230820T192855_2323213_028
143,EMIT_L2A_RFL_001_20230820T192855_2323213_028
144,EMIT_L2A_RFL_001_20230820T192855_2323213_028
145,EMIT_L2A_RFL_001_20230820T192855_2323213_028
146,EMIT_L2A_RFL_001_20230820T192855_2323213_028
147,EMIT_L2A_RFL_001_20230820T192855_2323213_028
148,EMIT_L2A_RFL_001_20230820T192855_2323213_028
149,EMIT_L2A_RFL_001_20230820T192855_2323213_028
150,EMIT_L2A_RFL_001_20230820T192855_2323213_028
151,EMIT_L2A_RFL_001_20230820T192855_2323213_028
152,EMIT_L2A_RFL_001_20230820T192855_2323213_028
153,EMIT_L2A_RFL_001_20230820T192855_2323213_028
154,EMIT_L2A_RFL_001_20230820T192855_2323213_028
155,EMIT_L2A_RFL_001_20230820T192855_2323213_028
156,EMIT_L2A_RFL_001_20230820T192855_2323213_028
157,EMIT_L2A_RFL_001_20230820T192855_2323213_028
158,EMIT_L2A_RFL_001_20230820T192855_2323213_028
159,EMIT_L2A_RFL_001_20230820T192855_2323213_028
160,EMIT_L2A_RFL_001_20230820T192855_2323213_028
161,EMIT_L2A_RFL_001_20230820T192855_2323213_028
162,EMIT_L2A_RFL_001_20230820T192855_2323213_028
163,EMIT_L2A_RFL_001_20230820T192855_2323213_028
164,EMIT_L2A_RFL_001_20230820T192855_2323213_028
165,EMIT_L2A_RFL_001_20230820T192855_2323213_028
166,EMIT_L2A_RFL_001_20230820T192855_2323213_028
167,EMIT_L2A_RFL_001_20230820T192855_2323213_028
168,EMIT_L2A_RFL_001_20230820T192855_2323213_028
169,EMIT_L2A_RFL_001_20230820T192855_2323213_028
170,EMIT_L2A_RFL_001_20230820T192855_2323213_028
171,EMIT_L2A_RFL_001_20230820T192855_2323213_028
172,EMIT_L2A_RFL_001_20230820T192855_2323213_028
173,EMIT_L2A_RFL_001_20230820T192855_2323213_028
174,EMIT_L2A_RFL_001_20230820T192855_2323213_028
175,EMIT_L2A_RFL_001_20230820T192855_2323213_028
176,EMIT_L2A_RFL_001_20230820T192855_2323213_028
177,EMIT_L2A_RFL_001_20230820T192855_2323213_028
178,EMIT_L2A_RFL_001_20230820T192855_2323213_028
179,EMIT_L2A_RFL_001_20230820T192855_2323213_028
180,EMIT_L2A_RFL_001_20230820T192855_2323213_028
181,EMIT_L2A_RFL_001_20230820T192855_2323213_028
182,EMIT_L2A_RFL_001_20230820T192855_2323213_028
183,EMIT_L2A_RFL_001_20230820T192855_2323213_028
184,EMIT_L2A_RFL_001_20230820T192855_2323213_028
185,EMIT_L2A_RFL_001_20230820T192855_2323213_028
186,EMIT_L2A_RFL_001_20230820T192855_2323213_028
187,EMIT_L2A_RFL_001_20230820T192855_2323213_028
188,EMIT_L2A_RFL_001_20230820T192855_2323213_028
189,EMIT_L2A_RFL_001_20230820T192855_2323213_028
190,EMIT_L2A_RFL_001_20230820T192855_2323213_028
191,EMIT_L2A_RFL_001_20230820T192855_2323213_028
192,EMIT_L2A_RFL_001_20230820T192855_2323213_028
193,EMIT_L2A_RFL_001_20230820T192855_2323213_028
194,EMIT_L2A_RFL_001_20230820T192855_2323213_028
195,EMIT_L2A_RFL_001_20230820T192855_2323213_028
196,EMIT_L2A_RFL_001_20230820T192855_2323213_028
197,EMIT_L2A_RFL_001_20230820T192855_2323213_028
198,EMIT_L2A_RFL_001_20230820T192855_2323213_028
199,EMIT_L2A_RFL_001_20230820T192855_2323213_028
200,EMIT_L2A_RFL_001_20230820T192855_2323213_028
201,EMIT_L2A_RFL_001_20230820T192855_2323213_028
202,EMIT_L2A_RFL_001_20230820T192855_2323213_028
203,EMIT_L2A_RFL_001_20230820T192855_2323213_028
204,EMIT_L2A_RFL_001_20230820T192855_2323213_028
205,EMIT_L2A_RFL_001_20230820T192855_2323213_028
206,EMIT_L2A_RFL_001_20230820T192855_2323213_028
207,EMIT_L2A_RFL_001_20230820T192855_2323213_028
208,EMIT_L2A_RFL_001_20230820T192855_2323213_028
209,EMIT_L2A_RFL_001_20230820T192855_2323213_028
210,EMIT_L2A_RFL_001_20230820T192855_2323213_028
211,EMIT_L2A_RFL_001_20230820T192855_2323213_028
212,EMIT_L2A_RFL_001_20230820T192855_2323213_028
213,EMIT_L2A_RFL_001_20230820T192855_2323213_028
214,EMIT_L2A_RFL_001_20230820T192855_2323213_028
215,EMIT_L2A_RFL_001_20230820T192855_2323213_028
216,EMIT_L2A_RFL_001_20230820T192855_2323213_028
217,EMIT_L2A_RFL_001_20230820T192855_2323213_028
218,EMIT_L2A_RFL_001_20230820T192855_2323213_028
219,EMIT_L2A_RFL_001_20230820T192855_2323213_028
220,EMIT_L2A_RFL_001_20230820T192855_2323213_028
221,EMIT_L2A_RFL_001_20230820T192855_2323213_028
222,EMIT_L2A_RFL_001_20230820T192855_2323213_028
223,EMIT_L2A_RFL_001_20230820T192855_2323213_028
224,EMIT_L2A_RFL_001_20230820T192843_2323213_027
225,EMIT_L2A_RFL_001_20230820T192843_2323213_027
226,EMIT_L2A_RFL_001_20230820T192855_2323213_028
227,EMIT_L2A_RFL_001_20230820T192855_2323213_028
228,EMIT_L2A_RFL_001_20230820T192855_2323213_028
229,EMIT_L2A_RFL_001_20230820T192855_2323213_028
230,EMIT_L2A_RFL_001_20230820T192855_2323213_028
231,EMIT_L2A_RFL_001_20230820T192843_2323213_027
232,EMIT_L2A_RFL_001_20230820T192843_2323213_027
233,EMIT_L2A_RFL_001_20230820T192843_2323213_027
234,EMIT_L2A_RFL_001_20230820T192855_2323213_028
235,EMIT_L2A_RFL_001_20230824T175337_2323612_023
236,EMIT_L2A_RFL_001_20230824T175337_2323612_023
237,EMIT_L2A_RFL_001_20230824T175349_2323612_024
238,EMIT_L2A_RFL_001_20230824T175349_2323612_024
239,EMIT_L2A_RFL_001_20230824T175337_2323612_023
240,EMIT_L2A_RFL_001_20230824T175337_2323612_023
241,EMIT_L2A_RFL_001_20230824T175337_2323612_023
242,EMIT_L2A_RFL_001_20230824T175337_2323612_023
243,EMIT_L2A_RFL_001_20230824T175337_2323612_023
244,EMIT_L2A_RFL_001_20230824T175337_2323612_023
245,EMIT_L2A_RFL_001_20230824T175337_2323612_023
246,EMIT_L2A_RFL_001_20230824T175337_2323612_023
247,EMIT_L2A_RFL_001_20230824T175349_2323612_024
248,EMIT_L2A_RFL_001_20230824T175337_2323612_023
249,EMIT_L2A_RFL_001_20230824T175337_2323612_023
250,EMIT_L2A_RFL_001_20230824T175337_2323612_023
251,EMIT_L2A_RFL_001_20230824T175337_2323612_023
252,EMIT_L2A_RFL_001_20230824T175349_2323612_024
253,EMIT_L2A_RFL_001_20230824T175349_2323612_024
254,EMIT_L2A_RFL_001_20230824T175337_2323612_023
255,EMIT_L2A_RFL_001_20230824T175349_2323612_024
256,EMIT_L2A_RFL_001_20230824T175337_2323612_023
257,EMIT_L2A_RFL_001_20230824T175337_2323612_023
258,EMIT_L2A_RFL_001_20230824T175349_2323612_024
259,EMIT_L2A_RFL_001_20230824T175349_2323612_024
260,EMIT_L2A_RFL_001_20230824T175337_2323612_023
261,EMIT_L2A_RFL_001_20230824T175337_2323612_023
262,EMIT_L2A_RFL_001_20230824T175349_2323612_024
263,EMIT_L2A_RFL_001_20230824T175349_2323612_024
264,EMIT_L2A_RFL_001_20230824T175349_2323612_024
265,EMIT_L2A_RFL_001_20230824T175349_2323612_024
266,EMIT_L2A_RFL_001_20230824T175349_2323612_024
267,EMIT_L2A_RFL_001_20230824T175349_2323612_024
268,EMIT_L2A_RFL_001_20230824T175349_2323612_024
269,EMIT_L2A_RFL_001_20230824T175349_2323612_024
270,EMIT_L2A_RFL_001_20230824T175349_2323612_024
271,EMIT_L2A_RFL_001_20230824T175349_2323612_024
272,EMIT_L2A_RFL_001_20230824T175349_2323612_024
273,EMIT_L2A_RFL_001_20230824T175349_2323612_024
274,EMIT_L2A_RFL_001_20230824T175349_2323612_024
275,EMIT_L2A_RFL_001_20230824T175349_2323612_024
276,EMIT_L2A_RFL_001_20230824T175349_2323612_024
277,EMIT_L2A_RFL_001_20230824T175349_2323612_024
278,EMIT_L2A_RFL_001_20230824T175349_2323612_024
279,EMIT_L2A_RFL_001_20230824T175349_2323612_024
280,EMIT_L2A_RFL_001_20230824T175349_2323612_024
281,EMIT_L2A_RFL_001_20230824T175349_2323612_024
282,EMIT_L2A_RFL_001_20230824T175349_2323612_024
283,EMIT_L2A_RFL_001_20230824T175349_2323612_024
284,EMIT_L2A_RFL_001_20230824T175349_2323612_024
285,EMIT_L2A_RFL_001_20230824T175349_2323612_024
286,EMIT_L2A_RFL_001_20230824T175349_2323612_024
287,EMIT_L2A_RFL_001_20230824T175349_2323612_024
288,EMIT_L2A_RFL_001_20230824T175349_2323612_024
289,EMIT_L2A_RFL_001_20230824T175349_2323612_024
290,EMIT_L2A_RFL_001_20230824T175349_2323612_024
291,EMIT_L2A_RFL_001_20230824T175349_2323612_024
292,EMIT_L2A_RFL_001_20230824T175349_2323612_024
293,EMIT_L2A_RFL_001_20230824T175349_2323612_024
294,EMIT_L2A_RFL_001_20230824T175349_2323612_024
295,EMIT_L2A_RFL_001_20230824T175349_2323612_024
296,EMIT_L2A_RFL_001_20230824T175349_2323612_024
297,EMIT_L2A_RFL_001_20230824T175349_2323612_024
298,EMIT_L2A_RFL_001_20230824T175349_2323612_024
299,EMIT_L2A_RFL_001_20230824T175349_2323612_024
300,EMIT_L2A_RFL_001_20230824T175349_2323612_024
301,EMIT_L2A_RFL_001_20230824T175349_2323612_024
302,EMIT_L2A_RFL_001_20230824T175349_2323612_024
303,EMIT_L2A_RFL_001_20230824T175349_2323612_024
304,EMIT_L2A_RFL_001_20230824T175349_2323612_024
305,EMIT_L2A_RFL_001_20230824T175349_2323612_024
306,EMIT_L2A_RFL_001_20230824T175349_2323612_024
307,EMIT_L2A_RFL_001_20230824T175349_2323612_024
308,EMIT_L2A_RFL_001_20230824T175349_2323612_024
309,EMIT_L2A_RFL_001_20230824T175349_2323612_024
310,EMIT_L2A_RFL_001_20230824T175349_2323612_024
311,EMIT_L2A_RFL_001_20230824T175349_2323612_024
312,EMIT_L2A_RFL_001_20230824T175349_2323612_024
313,EMIT_L2A_RFL_001_20230824T175349_2323612_024
314,EMIT_L2A_RFL_001_20230824T175349_2323612_024
315,EMIT_L2A_RFL_001_20230824T175349_2323612_024
316,EMIT_L2A_RFL_001_20230824T175349_2323612_024
317,EMIT_L2A_RFL_001_20230824T175349_2323612_024
318,EMIT_L2A_RFL_001_20230824T175349_2323612_024
319,EMIT_L2A_RFL_001_20230824T175349_2323612_024
320,EMIT_L2A_RFL_001_20230824T175337_2323612_023
321,EMIT_L2A_RFL_001_20230824T175337_2323612_023
322,EMIT_L2A_RFL_001_20230824T175337_2323612_023
323,EMIT_L2A_RFL_001_20230824T175337_2323612_023
324,EMIT_L2A_RFL_001_20230824T175337_2323612_023
325,EMIT_L2A_RFL_001_20230824T175349_2323612_024
326,EMIT_L2A_RFL_001_20230824T175349_2323612_024
327,EMIT_L2A_RFL_001_20230824T175349_2323612_024
328,EMIT_L2A_RFL_001_20230824T175349_2323612_024
329,EMIT_L2A_RFL_001_20230824T175349_2323612_024
330,EMIT_L2A_RFL_001_20230824T175349_2323612_024
331,EMIT_L2A_RFL_001_20230824T175349_2323612_024
332,EMIT_L2A_RFL_001_20230824T175349_2323612_024
333,EMIT_L2A_RFL_001_20230824T175349_2323612_024
334,EMIT_L2A_RFL_001_20230824T175337_2323612_023
335,EMIT_L2A_RFL_001_20230824T175337_2323612_023
336,EMIT_L2A_RFL_001_20230824T175337_2323612_023
337,EMIT_L2A_RFL_001_20230824T175337_2323612_023
338,EMIT_L2A_RFL_001_20230824T175337_2323612_023
339,EMIT_L2A_RFL_001_20230824T175337_2323612_023
340,EMIT_L2A_RFL_001_20230824T175337_2323612_023
341,EMIT_L2A_RFL_001_20230824T175337_2323612_023
342,EMIT_L2A_RFL_001_20230824T175337_2323612_023
343,EMIT_L2A_RFL_001_20230824T175349_2323612_024
344,EMIT_L2A_RFL_001_20230824T175349_2323612_024
345,EMIT_L2A_RFL_001_20230824T175349_2323612_024
346,EMIT_L2A_RFL_001_20230824T175349_2323612_024
347,EMIT_L2A_RFL_001_20230824T175349_2323612_024
348,EMIT_L2A_RFL_001_20230824T175349_2323612_024
349,EMIT_L2A_RFL_001_20230824T175349_2323612_024
350,EMIT_L2A_RFL_001_20230824T175349_2323612_024
351,EMIT_L2A_RFL_001_20230824T175349_2323612_024
352,EMIT_L2A_RFL_001_20230824T175337_2323612_023
353,EMIT_L2A_RFL_001_20230824T175349_2323612_024
354,EMIT_L2A_RFL_001_20230824T175349_2323612_024
355,EMIT_L2A_RFL_001_20230824T175349_2323612_024
356,EMIT_L2A_RFL_001_20230824T175349_2323612_024
357,EMIT_L2A_RFL_001_20230824T175349_2323612_024
358,EMIT_L2A_RFL_001_20230824T175349_2323612_024
359,EMIT_L2A_RFL_001_20230824T175337_2323612_023
360,EMIT_L2A_RFL_001_20230824T175337_2323612_023
361,EMIT_L2A_RFL_001_20230824T175337_2323612_023
362,EMIT_L2A_RFL_001_20230824T175337_2323612_023
363,EMIT_L2A_RFL_001_20230824T175337_2323612_023
364,EMIT_L2A_RFL_001_20230824T175349_2323612_024
365,EMIT_L2A_RFL_001_20230824T175349_2323612_024
366,EMIT_L2A_RFL_001_20230824T175349_2323612_024
367,EMIT_L2A_RFL_001_20230824T175349_2323612_024
368,EMIT_L2A_RFL_001_20230824T175337_2323612_023
374,EMIT_L2A_RFL_001_20241004T165227_2427811_011
375,EMIT_L2A_RFL_001_20241004T165227_2427811_011
376,EMIT_L2A_RFL_001_20241004T165227_2427811_011
377,EMIT_L2A_RFL_001_20241004T165227_2427811_011
378,EMIT_L2A_RFL_001_20241004T165227_2427811_011
379,EMIT_L2A_RFL_001_20241004T165227_2427811_011
380,EMIT_L2A_RFL_001_20241004T165227_2427811_011
381,EMIT_L2A_RFL_001_20241004T165227_2427811_011
382,EMIT_L2A_RFL_001_20241004T165227_2427811_011
383,EMIT_L2A_RFL_001_20241004T165227_2427811_011
384,EMIT_L2A_RFL_001_20241004T165227_2427811_011
385,EMIT_L2A_RFL_001_20241004T165215_2427811_010
386,EMIT_L2A_RFL_001_20241004T165215_2427811_010
390,EMIT_L2A_RFL_001_20220810T064957_2222205_033
391,EMIT_L2A_RFL_001_20220810T065009_2222205_034
399,EMIT_L2A_RFL_001_20220814T051412_2222604_005
401,EMIT_L2A_RFL_001_20220814T132203_2222609_003
427,EMIT_L2A_RFL_001_20220816T114703_2222808_014
433,EMIT_L2A_RFL_001_20220817T123245_2222908_004
434,EMIT_L2A_RFL_001_20220817T140501_2222909_010
438,EMIT_L2A_RFL_001_20220818T114440_2223008_004
443,EMIT_L2A_RFL_001_20220820T101013_2223207_017
449,EMIT_L2A_RFL_001_20220822T100653_2223407_004
461,EMIT_L2A_RFL_001_20220826T082915_2223806_003
462,EMIT_L2A_RFL_001_20220826T174642_2223812_024
463,EMIT_L2A_RFL_001_20220826T174654_2223812_025
464,EMIT_L2A_RFL_001_20220826T174654_2223812_025
465,EMIT_L2A_RFL_001_20220826T174706_2223812_026
496,EMIT_L2A_RFL_001_20220828T065550_2224005_015
507,EMIT_L2A_RFL_001_20220830T065232_2224205_004
508,EMIT_L2A_RFL_001_20220830T065244_2224205_005
509,EMIT_L2A_RFL_001_20220830T082542_2224206_004
550,EMIT_L2A_RFL_001_20230126T111206_2302608_037
559,EMIT_L2A_RFL_001_20230129T193849_2302913_015
572,EMIT_L2A_RFL_001_20230131T115231_2303108_040
573,EMIT_L2A_RFL_001_20230131T115231_2303108_040
574,EMIT_L2A_RFL_001_20230131T115231_2303108_040
575,EMIT_L2A_RFL_001_20230131T115231_2303108_040
576,EMIT_L2A_RFL_001_20230131T115231_2303108_040
577,EMIT_L2A_RFL_001_20230131T115231_2303108_040
578,EMIT_L2A_RFL_001_20230131T115231_2303108_040
579,EMIT_L2A_RFL_001_20230131T115231_2303108_040
580,EMIT_L2A_RFL_001_20230131T115231_2303108_040
581,EMIT_L2A_RFL_001_20230131T115231_2303108_040
582,EMIT_L2A_RFL_001_20230131T115231_2303108_040
597,EMIT_L2A_RFL_001_20230203T171434_2303412_006
610,EMIT_L2A_RFL_001_20230204T084203_2303506_030
611,EMIT_L2A_RFL_001_20230204T084203_2303506_030
612,EMIT_L2A_RFL_001_20230204T084203_2303506_030
613,EMIT_L2A_RFL_001_20230204T180004_2303512_001
614,EMIT_L2A_RFL_001_20230204T180004_2303512_001
618,EMIT_L2A_RFL_001_20230205T171244_2303612_006
619,EMIT_L2A_RFL_001_20230205T171244_2303612_006
620,EMIT_L2A_RFL_001_20230205T171244_2303612_006
621,EMIT_L2A_RFL_001_20230205T171244_2303612_006
622,EMIT_L2A_RFL_001_20230205T171255_2303612_007
623,EMIT_L2A_RFL_001_20230205T171255_2303612_007
624,EMIT_L2A_RFL_001_20230205T171255_2303612_007
625,EMIT_L2A_RFL_001_20230205T171255_2303612_007
626,EMIT_L2A_RFL_001_20230205T171255_2303612_007
627,EMIT_L2A_RFL_001_20230205T171255_2303612_007
628,EMIT_L2A_RFL_001_20230205T171255_2303612_007
629,EMIT_L2A_RFL_001_20230205T171255_2303612_007
630,EMIT_L2A_RFL_001_20230205T171255_2303612_007
631,EMIT_L2A_RFL_001_20230205T171255_2303612_007
632,EMIT_L2A_RFL_001_20230205T171255_2303612_007
636,EMIT_L2A_RFL_001_20230206T162538_2303711_006
656,EMIT_L2A_RFL_001_20230215T203405_2304613_013
658,EMIT_L2A_RFL_001_20230216T133626_2304709_013
659,EMIT_L2A_RFL_001_20230216T133626_2304709_013
660,EMIT_L2A_RFL_001_20230216T133626_2304709_013
661,EMIT_L2A_RFL_001_20230216T133626_2304709_013
666,EMIT_L2A_RFL_001_20230217T111551_2304807_011
667,EMIT_L2A_RFL_001_20230217T111603_2304807_012
668,EMIT_L2A_RFL_001_20230217T124812_2304808_008
669,EMIT_L2A_RFL_001_20230217T203321_2304813_026
674,EMIT_L2A_RFL_001_20230218T102711_2304907_006
689,EMIT_L2A_RFL_001_20230219T094118_2305006_018
690,EMIT_L2A_RFL_001_20230219T094118_2305006_018
691,EMIT_L2A_RFL_001_20230219T094130_2305006_019
692,EMIT_L2A_RFL_001_20230219T094130_2305006_019
693,EMIT_L2A_RFL_001_20230219T094130_2305006_019
694,EMIT_L2A_RFL_001_20230219T094130_2305006_019
696,EMIT_L2A_RFL_001_20230219T185842_2305012_016
704,EMIT_L2A_RFL_001_20230220T194324_2305113_021
708,EMIT_L2A_RFL_001_20230221T093954_2305206_016
711,EMIT_L2A_RFL_001_20230222T115823_2305308_016
728,EMIT_L2A_RFL_001_20230223T111145_2305407_010
742,EMIT_L2A_RFL_001_20230224T181000_2305512_020
754,EMIT_L2A_RFL_001_20230225T080531_2305605_007
755,EMIT_L2A_RFL_001_20230225T080543_2305605_008
756,EMIT_L2A_RFL_001_20230225T172314_2305611_019
761,EMIT_L2A_RFL_001_20230227T045909_2305803_011
764,EMIT_L2A_RFL_001_20230227T063145_2305804_009
765,EMIT_L2A_RFL_001_20230227T063221_2305804_012
766,EMIT_L2A_RFL_001_20230227T063232_2305804_013
767,EMIT_L2A_RFL_001_20230227T063244_2305804_014
768,EMIT_L2A_RFL_001_20230227T063244_2305804_014
769,EMIT_L2A_RFL_001_20230227T063244_2305804_014
770,EMIT_L2A_RFL_001_20230227T063244_2305804_014
773,EMIT_L2A_RFL_001_20230227T172215_2305811_009
774,EMIT_L2A_RFL_001_20230227T172227_2305811_010
776,EMIT_L2A_RFL_001_20230228T163504_2305911_003
777,EMIT_L2A_RFL_001_20230228T163504_2305911_003
790,EMIT_L2A_RFL_001_20230301T063117_2306004_002
802,EMIT_L2A_RFL_001_20230325T120958_2308408_036
803,EMIT_L2A_RFL_001_20230325T120958_2308408_036
804,EMIT_L2A_RFL_001_20230325T121010_2308408_037
815,EMIT_L2A_RFL_001_20230326T142844_2308510_039
816,EMIT_L2A_RFL_001_20230326T142844_2308510_039
817,EMIT_L2A_RFL_001_20230326T142844_2308510_039
818,EMIT_L2A_RFL_001_20230326T142844_2308510_039
819,EMIT_L2A_RFL_001_20230326T142844_2308510_039
821,EMIT_L2A_RFL_001_20230326T204045_2308514_004
822,EMIT_L2A_RFL_001_20230326T204045_2308514_004
825,EMIT_L2A_RFL_001_20230326T221358_2308515_011
826,EMIT_L2A_RFL_001_20230327T120834_2308608_039
827,EMIT_L2A_RFL_001_20230327T120858_2308608_041
828,EMIT_L2A_RFL_001_20230327T120957_2308608_046
829,EMIT_L2A_RFL_001_20230327T134208_2308609_041
842,EMIT_L2A_RFL_001_20230330T111952_2308908_038
843,EMIT_L2A_RFL_001_20230330T125250_2308909_037
844,EMIT_L2A_RFL_001_20230330T125302_2308909_038
845,EMIT_L2A_RFL_001_20230330T125250_2308909_037
846,EMIT_L2A_RFL_001_20230330T125302_2308909_038
847,EMIT_L2A_RFL_001_20230330T125250_2308909_037
851,EMIT_L2A_RFL_001_20230331T120633_2309008_041
853,EMIT_L2A_RFL_001_20230401T190441_2309113_014
858,EMIT_L2A_RFL_001_20230402T195016_2309213_002
861,EMIT_L2A_RFL_001_20230403T081219_2309306_030
864,EMIT_L2A_RFL_001_20230403T094539_2309307_039
865,EMIT_L2A_RFL_001_20230403T111837_2309308_038
866,EMIT_L2A_RFL_001_20230403T111837_2309308_038
867,EMIT_L2A_RFL_001_20230403T111837_2309308_038
868,EMIT_L2A_RFL_001_20230403T111849_2309308_039
870,EMIT_L2A_RFL_001_20230404T085844_2309406_039
871,EMIT_L2A_RFL_001_20230404T085908_2309406_041
883,EMIT_L2A_RFL_001_20230404T181642_2309412_016
889,EMIT_L2A_RFL_001_20230405T081246_2309506_042
899,EMIT_L2A_RFL_001_20230407T081044_2309706_039
908,EMIT_L2A_RFL_001_20230416T122203_2310608_013
941,EMIT_L2A_RFL_001_20230419T113323_2310908_008
948,EMIT_L2A_RFL_001_20230420T104534_2311007_015
949,EMIT_L2A_RFL_001_20230420T182847_2311012_010
950,EMIT_L2A_RFL_001_20230420T200240_2311013_025
958,EMIT_L2A_RFL_001_20230421T191423_2311113_022
959,EMIT_L2A_RFL_001_20230421T191423_2311113_022
965,EMIT_L2A_RFL_001_20230422T091058_2311206_018
966,EMIT_L2A_RFL_001_20230422T091058_2311206_018
967,EMIT_L2A_RFL_001_20230422T091110_2311206_019
968,EMIT_L2A_RFL_001_20230422T091110_2311206_019
976,EMIT_L2A_RFL_001_20230423T112832_2311308_014
977,EMIT_L2A_RFL_001_20230423T112908_2311308_017
978,EMIT_L2A_RFL_001_20230423T191220_2311313_016
979,EMIT_L2A_RFL_001_20230423T191232_2311313_017
983,EMIT_L2A_RFL_001_20230424T090806_2311406_011
984,EMIT_L2A_RFL_001_20230424T090818_2311406_012
988,EMIT_L2A_RFL_001_20230424T182522_2311412_026
989,EMIT_L2A_RFL_001_20230424T182545_2311412_028
990,EMIT_L2A_RFL_001_20230424T182545_2311412_028
991,EMIT_L2A_RFL_001_20230424T182545_2311412_028
1000,EMIT_L2A_RFL_001_20230426T060106_2311604_027
1003,EMIT_L2A_RFL_001_20230426T073316_2311605_015
1006,EMIT_L2A_RFL_001_20230426T182239_2311612_010
1019,EMIT_L2A_RFL_001_20230428T073006_2311805_004
1020,EMIT_L2A_RFL_001_20230428T090221_2311806_007
1021,EMIT_L2A_RFL_001_20230428T090309_2311806_011
1040,EMIT_L2A_RFL_001_20230430T055532_2312004_008
1041,EMIT_L2A_RFL_001_20230430T055544_2312004_009
1048,EMIT_L2A_RFL_001_20230430T164407_2312011_001
1062,EMIT_L2A_RFL_001_20230526T142126_2314610_040
1063,EMIT_L2A_RFL_001_20230526T142126_2314610_040
1064,EMIT_L2A_RFL_001_20230526T142126_2314610_040
1078,EMIT_L2A_RFL_001_20230530T093728_2315007_032
1080,EMIT_L2A_RFL_001_20230531T102305_2315107_042
1081,EMIT_L2A_RFL_001_20230531T102316_2315107_043
1087,EMIT_L2A_RFL_001_20230601T093611_2315207_041
1089,EMIT_L2A_RFL_001_20230602T084726_2315306_035
1090,EMIT_L2A_RFL_001_20230602T084726_2315306_035
1106,EMIT_L2A_RFL_001_20230603T093232_2315407_038
1108,EMIT_L2A_RFL_001_20230603T171751_2315412_004
1109,EMIT_L2A_RFL_001_20230603T171751_2315412_004
1113,EMIT_L2A_RFL_001_20230604T180153_2315512_014
1114,EMIT_L2A_RFL_001_20230604T180205_2315512_015
1115,EMIT_L2A_RFL_001_20230604T180205_2315512_015
1116,EMIT_L2A_RFL_001_20230604T180205_2315512_015
1117,EMIT_L2A_RFL_001_20230604T180217_2315512_016
1118,EMIT_L2A_RFL_001_20230604T180217_2315512_016
1119,EMIT_L2A_RFL_001_20230604T180229_2315512_017
1120,EMIT_L2A_RFL_001_20230604T180229_2315512_017
1137,EMIT_L2A_RFL_001_20230606T070919_2315705_034
1140,EMIT_L2A_RFL_001_20230606T101459_2315707_036
1180,EMIT_L2A_RFL_001_20230608T162322_2315911_014
1181,EMIT_L2A_RFL_001_20230608T162322_2315911_014
1182,EMIT_L2A_RFL_001_20230608T162322_2315911_014
1183,EMIT_L2A_RFL_001_20230608T162322_2315911_014
1184,EMIT_L2A_RFL_001_20230608T162322_2315911_014
1185,EMIT_L2A_RFL_001_20230608T162322_2315911_014
1186,EMIT_L2A_RFL_001_20230608T162322_2315911_014
1187,EMIT_L2A_RFL_001_20230608T162334_2315911_015
1188,EMIT_L2A_RFL_001_20230608T162334_2315911_015
1189,EMIT_L2A_RFL_001_20230608T162334_2315911_015
1190,EMIT_L2A_RFL_001_20230608T162334_2315911_015
1191,EMIT_L2A_RFL_001_20230608T162334_2315911_015
1192,EMIT_L2A_RFL_001_20230608T162346_2315911_016
1193,EMIT_L2A_RFL_001_20230608T162346_2315911_016
1194,EMIT_L2A_RFL_001_20230608T162346_2315911_016
1195,EMIT_L2A_RFL_001_20230608T162346_2315911_016
1196,EMIT_L2A_RFL_001_20230608T162346_2315911_016
1197,EMIT_L2A_RFL_001_20230608T162346_2315911_016
1201,EMIT_L2A_RFL_001_20230610T035759_2316103_008
1202,EMIT_L2A_RFL_001_20230610T053019_2316104_006
1203,EMIT_L2A_RFL_001_20230610T053019_2316104_006
1204,EMIT_L2A_RFL_001_20230610T053019_2316104_006
1205,EMIT_L2A_RFL_001_20230610T053019_2316104_006
1206,EMIT_L2A_RFL_001_20230610T053019_2316104_006
1215,EMIT_L2A_RFL_001_20230611T061638_2316204_003
1244,EMIT_L2A_RFL_001_20230616T211343_2316714_025
1245,EMIT_L2A_RFL_001_20230616T211419_2316714_028
1246,EMIT_L2A_RFL_001_20230616T211419_2316714_028
1247,EMIT_L2A_RFL_001_20230616T211419_2316714_028
1248,EMIT_L2A_RFL_001_20230616T211419_2316714_028
1249,EMIT_L2A_RFL_001_20230616T211419_2316714_028
1250,EMIT_L2A_RFL_001_20230616T211431_2316714_029
1251,EMIT_L2A_RFL_001_20230616T211431_2316714_029
1255,EMIT_L2A_RFL_001_20230617T110830_2316807_016
1257,EMIT_L2A_RFL_001_20230617T141429_2316809_001
1259,EMIT_L2A_RFL_001_20230619T110748_2317007_009
1260,EMIT_L2A_RFL_001_20230619T110748_2317007_009
1283,EMIT_L2A_RFL_001_20230620T193644_2317113_023
1284,EMIT_L2A_RFL_001_20230620T193644_2317113_023
1285,EMIT_L2A_RFL_001_20230620T193644_2317113_023
1286,EMIT_L2A_RFL_001_20230620T193656_2317113_024
1287,EMIT_L2A_RFL_001_20230620T193656_2317113_024
1288,EMIT_L2A_RFL_001_20230620T193656_2317113_024
1289,EMIT_L2A_RFL_001_20230620T193656_2317113_024
1290,EMIT_L2A_RFL_001_20230620T193656_2317113_024
1291,EMIT_L2A_RFL_001_20230620T193708_2317113_025
1292,EMIT_L2A_RFL_001_20230620T193708_2317113_025
1293,EMIT_L2A_RFL_001_20230620T193708_2317113_025
1294,EMIT_L2A_RFL_001_20230620T193708_2317113_025
1295,EMIT_L2A_RFL_001_20230620T193708_2317113_025
1296,EMIT_L2A_RFL_001_20230620T193708_2317113_025
1297,EMIT_L2A_RFL_001_20230620T193708_2317113_025
1307,EMIT_L2A_RFL_001_20230622T101751_2317307_005
1310,EMIT_L2A_RFL_001_20230622T115002_2317308_008
1311,EMIT_L2A_RFL_001_20230622T115014_2317308_009
1312,EMIT_L2A_RFL_001_20230622T115037_2317308_011
1322,EMIT_L2A_RFL_001_20230623T093007_2317406_012
1323,EMIT_L2A_RFL_001_20230623T093007_2317406_012
1324,EMIT_L2A_RFL_001_20230623T093007_2317406_012
1325,EMIT_L2A_RFL_001_20230623T093007_2317406_012
1333,EMIT_L2A_RFL_001_20230624T175855_2317512_021
1334,EMIT_L2A_RFL_001_20230624T175855_2317512_021
1335,EMIT_L2A_RFL_001_20230624T175855_2317512_021
1336,EMIT_L2A_RFL_001_20230624T175855_2317512_021
1355,EMIT_L2A_RFL_001_20230626T084004_2317706_007
1356,EMIT_L2A_RFL_001_20230626T084016_2317706_008
1357,EMIT_L2A_RFL_001_20230626T101232_2317707_010
1358,EMIT_L2A_RFL_001_20230626T101232_2317707_010
1359,EMIT_L2A_RFL_001_20230626T101232_2317707_010
1360,EMIT_L2A_RFL_001_20230626T101232_2317707_010
1361,EMIT_L2A_RFL_001_20230626T101232_2317707_010
1365,EMIT_L2A_RFL_001_20230627T075201_2317805_006
1366,EMIT_L2A_RFL_001_20230627T153507_2317810_005
1367,EMIT_L2A_RFL_001_20230627T153507_2317810_005
1368,EMIT_L2A_RFL_001_20230627T153519_2317810_006
1369,EMIT_L2A_RFL_001_20230627T170859_2317811_025
1392,EMIT_L2A_RFL_001_20230629T061626_2318004_015
1393,EMIT_L2A_RFL_001_20230629T061626_2318004_015
1394,EMIT_L2A_RFL_001_20230629T061638_2318004_016
1395,EMIT_L2A_RFL_001_20230629T061638_2318004_016
1396,EMIT_L2A_RFL_001_20230629T061638_2318004_016
1397,EMIT_L2A_RFL_001_20230629T061638_2318004_016
1398,EMIT_L2A_RFL_001_20230629T061638_2318004_016
1399,EMIT_L2A_RFL_001_20230629T061650_2318004_017
1400,EMIT_L2A_RFL_001_20230629T061650_2318004_017
1401,EMIT_L2A_RFL_001_20230629T061650_2318004_017
1402,EMIT_L2A_RFL_001_20230629T061650_2318004_017
1403,EMIT_L2A_RFL_001_20230629T061650_2318004_017
1404,EMIT_L2A_RFL_001_20230629T061650_2318004_017
1407,EMIT_L2A_RFL_001_20230629T092044_2318006_007
1408,EMIT_L2A_RFL_001_20230629T092056_2318006_008
1414,EMIT_L2A_RFL_001_20230630T161728_2318111_004
1418,EMIT_L2A_RFL_001_20230725T100701_2320607_013
1419,EMIT_L2A_RFL_001_20230725T113927_2320608_036
1420,EMIT_L2A_RFL_001_20230725T113916_2320608_035
1421,EMIT_L2A_RFL_001_20230725T113927_2320608_036
1425,EMIT_L2A_RFL_001_20230726T122427_2320708_038
1434,EMIT_L2A_RFL_001_20230728T122247_2320908_038
1436,EMIT_L2A_RFL_001_20230729T100252_2321007_036
1437,EMIT_L2A_RFL_001_20230729T100252_2321007_036
1438,EMIT_L2A_RFL_001_20230729T100252_2321007_036
1442,EMIT_L2A_RFL_001_20230729T205342_2321014_008
1443,EMIT_L2A_RFL_001_20230729T205342_2321014_008
1447,EMIT_L2A_RFL_001_20230730T104812_2321107_038
1455,EMIT_L2A_RFL_001_20230731T130706_2321209_015
1456,EMIT_L2A_RFL_001_20230731T130804_2321209_016
1457,EMIT_L2A_RFL_001_20230731T191810_2321213_013
1458,EMIT_L2A_RFL_001_20230731T191834_2321213_015
1459,EMIT_L2A_RFL_001_20230731T191834_2321213_015
1460,EMIT_L2A_RFL_001_20230731T191834_2321213_015
1461,EMIT_L2A_RFL_001_20230731T191834_2321213_015
1462,EMIT_L2A_RFL_001_20230731T191834_2321213_015
1463,EMIT_L2A_RFL_001_20230731T191846_2321213_016
1464,EMIT_L2A_RFL_001_20230731T191846_2321213_016
1465,EMIT_L2A_RFL_001_20230731T191834_2321213_015
1466,EMIT_L2A_RFL_001_20230731T191834_2321213_015
1467,EMIT_L2A_RFL_001_20230731T191846_2321213_016
1468,EMIT_L2A_RFL_001_20230731T191834_2321213_015
1483,EMIT_L2A_RFL_001_20230818T114559_2323008_011
1486,EMIT_L2A_RFL_001_20230818T131805_2323009_009
1492,EMIT_L2A_RFL_001_20230819T105853_2323107_010
1493,EMIT_L2A_RFL_001_20230819T105853_2323107_010
1496,EMIT_L2A_RFL_001_20230819T184332_2323112_009
1503,EMIT_L2A_RFL_001_20230820T131723_2323209_001
1504,EMIT_L2A_RFL_001_20230820T192855_2323213_028
1505,EMIT_L2A_RFL_001_20230820T192855_2323213_028
1506,EMIT_L2A_RFL_001_20230820T192855_2323213_028
1507,EMIT_L2A_RFL_001_20230820T192855_2323213_028
1509,EMIT_L2A_RFL_001_20230821T092528_2323306_020
1511,EMIT_L2A_RFL_001_20230821T184129_2323312_011
1512,EMIT_L2A_RFL_001_20230821T184129_2323312_011
1516,EMIT_L2A_RFL_001_20230822T070411_2323405_034
1518,EMIT_L2A_RFL_001_20230822T101103_2323407_006
1531,EMIT_L2A_RFL_001_20230823T092349_2323506_005
1532,EMIT_L2A_RFL_001_20230823T092349_2323506_005
1533,EMIT_L2A_RFL_001_20230823T092401_2323506_006
1561,EMIT_L2A_RFL_001_20230824T175337_2323612_023
1562,EMIT_L2A_RFL_001_20230824T175337_2323612_023
1563,EMIT_L2A_RFL_001_20230824T175337_2323612_023
1564,EMIT_L2A_RFL_001_20230824T175337_2323612_023
1565,EMIT_L2A_RFL_001_20230824T175337_2323612_023
1566,EMIT_L2A_RFL_001_20230824T175337_2323612_023
1567,EMIT_L2A_RFL_001_20230824T175349_2323612_024
1568,EMIT_L2A_RFL_001_20230824T175349_2323612_024
1569,EMIT_L2A_RFL_001_20230824T175349_2323612_024
1570,EMIT_L2A_RFL_001_20230824T175349_2323612_024
1576,EMIT_L2A_RFL_001_20230825T075005_2323705_017
1577,EMIT_L2A_RFL_001_20230825T075005_2323705_017
1580,EMIT_L2A_RFL_001_20230825T170609_2323711_011
1581,EMIT_L2A_RFL_001_20230825T170609_2323711_011
1582,EMIT_L2A_RFL_001_20230825T170557_2323711_010
1583,EMIT_L2A_RFL_001_20230825T170557_2323711_010
1586,EMIT_L2A_RFL_001_20230826T083522_2323806_002
1590,EMIT_L2A_RFL_001_20230826T100723_2323807_007
1591,EMIT_L2A_RFL_001_20230826T100735_2323807_008
1596,EMIT_L2A_RFL_001_20230828T161704_2324011_003
1597,EMIT_L2A_RFL_001_20230831T061044_2324304_003
1598,EMIT_L2A_RFL_001_20230831T061056_2324304_004
1600,EMIT_L2A_RFL_001_20230831T135424_2324309_003
1626,EMIT_L2A_RFL_001_20230923T123026_2326608_040
1627,EMIT_L2A_RFL_001_20230923T214649_2326614_012
1632,EMIT_L2A_RFL_001_20230924T223316_2326715_002
1636,EMIT_L2A_RFL_001_20230925T140134_2326809_039
1637,EMIT_L2A_RFL_001_20230925T140134_2326809_039
1638,EMIT_L2A_RFL_001_20230925T140134_2326809_039
1639,EMIT_L2A_RFL_001_20230925T140134_2326809_039
1641,EMIT_L2A_RFL_001_20230926T114119_2326908_039
1642,EMIT_L2A_RFL_001_20230926T114119_2326908_039
1643,EMIT_L2A_RFL_001_20230926T114131_2326908_040
1644,EMIT_L2A_RFL_001_20230926T114143_2326908_041
1645,EMIT_L2A_RFL_001_20230926T114143_2326908_041
1652,EMIT_L2A_RFL_001_20230928T083457_2327106_016
1657,EMIT_L2A_RFL_001_20230929T091909_2327206_030
1659,EMIT_L2A_RFL_001_20230929T105224_2327207_039
1660,EMIT_L2A_RFL_001_20230929T122534_2327208_039
1661,EMIT_L2A_RFL_001_20230929T122534_2327208_039
1662,EMIT_L2A_RFL_001_20230929T122534_2327208_039
1664,EMIT_L2A_RFL_001_20230930T100531_2327307_040
1665,EMIT_L2A_RFL_001_20230930T100543_2327307_041
1674,EMIT_L2A_RFL_001_20231001T091923_2327406_043
1675,EMIT_L2A_RFL_001_20231002T065919_2327505_017
1676,EMIT_L2A_RFL_001_20231002T083111_2327506_036
1677,EMIT_L2A_RFL_001_20231002T083147_2327506_039
1681,EMIT_L2A_RFL_001_20231002T192153_2327513_003
1702,EMIT_L2A_RFL_001_20231003T091659_2327606_039
1703,EMIT_L2A_RFL_001_20231003T170226_2327611_004
1704,EMIT_L2A_RFL_001_20231003T183441_2327612_010
1711,EMIT_L2A_RFL_001_20231004T174732_2327712_016
1712,EMIT_L2A_RFL_001_20231004T174744_2327712_017
1713,EMIT_L2A_RFL_001_20231004T174744_2327712_017
1714,EMIT_L2A_RFL_001_20231004T174744_2327712_017
1715,EMIT_L2A_RFL_001_20231004T174744_2327712_017
1716,EMIT_L2A_RFL_001_20231004T174744_2327712_017
1722,EMIT_L2A_RFL_001_20231006T065521_2327905_035
1723,EMIT_L2A_RFL_001_20231006T065521_2327905_035
1724,EMIT_L2A_RFL_001_20231006T065545_2327905_037
1725,EMIT_L2A_RFL_001_20231006T065557_2327905_038
1726,EMIT_L2A_RFL_001_20231006T065557_2327905_038
1727,EMIT_L2A_RFL_001_20231006T100206_2327907_040
1728,EMIT_L2A_RFL_001_20231006T100206_2327907_040
1729,EMIT_L2A_RFL_001_20231006T100206_2327907_040
1748,EMIT_L2A_RFL_001_20231007T152631_2328010_005
1749,EMIT_L2A_RFL_001_20231007T152631_2328010_005
1750,EMIT_L2A_RFL_001_20231007T152631_2328010_005
1756,EMIT_L2A_RFL_001_20231008T161103_2328111_014
1757,EMIT_L2A_RFL_001_20231008T161115_2328111_015
1758,EMIT_L2A_RFL_001_20231008T161115_2328111_015
1759,EMIT_L2A_RFL_001_20231008T161127_2328111_016
1760,EMIT_L2A_RFL_001_20231008T161127_2328111_016
1761,EMIT_L2A_RFL_001_20231008T161127_2328111_016
1762,EMIT_L2A_RFL_001_20231008T161127_2328111_016
1763,EMIT_L2A_RFL_001_20231008T161127_2328111_016
1764,EMIT_L2A_RFL_001_20231008T161127_2328111_016
1765,EMIT_L2A_RFL_001_20231008T161127_2328111_016
1766,EMIT_L2A_RFL_001_20231008T161127_2328111_016
1767,EMIT_L2A_RFL_001_20231008T161127_2328111_016
1785,EMIT_L2A_RFL_001_20231009T165739_2328211_001
1786,EMIT_L2A_RFL_001_20231009T165739_2328211_001
1789,EMIT_L2A_RFL_001_20231010T051848_2328304_003
1790,EMIT_L2A_RFL_001_20231010T051848_2328304_003
1791,EMIT_L2A_RFL_001_20231010T051900_2328304_004
1792,EMIT_L2A_RFL_001_20231010T051923_2328304_006
1793,EMIT_L2A_RFL_001_20231010T051923_2328304_006
1794,EMIT_L2A_RFL_001_20231010T051923_2328304_006
1799,EMIT_L2A_RFL_001_20231010T082533_2328306_006
1814,EMIT_L2A_RFL_001_20231015T140921_2328809_014
1816,EMIT_L2A_RFL_001_20231015T215309_2328814_017
1818,EMIT_L2A_RFL_001_20231016T114853_2328908_016
1819,EMIT_L2A_RFL_001_20231016T210605_2328914_026
1824,EMIT_L2A_RFL_001_20231018T101343_2329107_017
1825,EMIT_L2A_RFL_001_20231018T101343_2329107_017
1826,EMIT_L2A_RFL_001_20231018T101343_2329107_017
1827,EMIT_L2A_RFL_001_20231018T101343_2329107_017
1828,EMIT_L2A_RFL_001_20231018T101343_2329107_017
1829,EMIT_L2A_RFL_001_20231018T101343_2329107_017
1833,EMIT_L2A_RFL_001_20231018T210229_2329114_007
1839,EMIT_L2A_RFL_001_20231020T101151_2329307_011
1841,EMIT_L2A_RFL_001_20231020T192921_2329313_026
1842,EMIT_L2A_RFL_001_20231020T192921_2329313_026
1843,EMIT_L2A_RFL_001_20231020T192921_2329313_026
1844,EMIT_L2A_RFL_001_20231020T192921_2329313_026
1845,EMIT_L2A_RFL_001_20231020T192921_2329313_026
1846,EMIT_L2A_RFL_001_20231020T192921_2329313_026
1847,EMIT_L2A_RFL_001_20231020T192933_2329313_027
1848,EMIT_L2A_RFL_001_20231020T192933_2329313_027
1849,EMIT_L2A_RFL_001_20231020T192933_2329313_027
1850,EMIT_L2A_RFL_001_20231020T192933_2329313_027
1851,EMIT_L2A_RFL_001_20231020T192933_2329313_027
1852,EMIT_L2A_RFL_001_20231020T192933_2329313_027
1853,EMIT_L2A_RFL_001_20231020T192945_2329313_028
1854,EMIT_L2A_RFL_001_20231020T192945_2329313_028
1855,EMIT_L2A_RFL_001_20231020T192945_2329313_028
1856,EMIT_L2A_RFL_001_20231020T192945_2329313_028
1857,EMIT_L2A_RFL_001_20231020T192933_2329313_027
1858,EMIT_L2A_RFL_001_20231020T192945_2329313_028
1859,EMIT_L2A_RFL_001_20231020T192945_2329313_028
1860,EMIT_L2A_RFL_001_20231020T192945_2329313_028
1877,EMIT_L2A_RFL_001_20231022T083808_2329506_013
1878,EMIT_L2A_RFL_001_20231022T083819_2329506_014
1879,EMIT_L2A_RFL_001_20231022T083831_2329506_015
1886,EMIT_L2A_RFL_001_20231022T192727_2329513_006
1887,EMIT_L2A_RFL_001_20231022T192802_2329513_009
1902,EMIT_L2A_RFL_001_20231024T083639_2329706_005
1903,EMIT_L2A_RFL_001_20231024T100947_2329707_013
1927,EMIT_L2A_RFL_001_20231026T070253_2329905_013
1931,EMIT_L2A_RFL_001_20231026T175210_2329912_009
1934,EMIT_L2A_RFL_001_20231027T153239_2330010_003
1937,EMIT_L2A_RFL_001_20231028T070104_2330105_003
1938,EMIT_L2A_RFL_001_20231028T070116_2330105_004
1939,EMIT_L2A_RFL_001_20231028T083416_2330106_007
1941,EMIT_L2A_RFL_001_20231028T161900_2330111_009
1942,EMIT_L2A_RFL_001_20231028T161900_2330111_009
1943,EMIT_L2A_RFL_001_20231028T161900_2330111_009
1944,EMIT_L2A_RFL_001_20231028T161900_2330111_009
1945,EMIT_L2A_RFL_001_20231029T061404_2330204_003
1946,EMIT_L2A_RFL_001_20231029T061404_2330204_003
1979,EMIT_L2A_RFL_001_20231127T140054_2333109_012
1980,EMIT_L2A_RFL_001_20231127T201249_2333113_015
1986,EMIT_L2A_RFL_001_20231129T092012_2333306_033
1987,EMIT_L2A_RFL_001_20231129T092012_2333306_033
1988,EMIT_L2A_RFL_001_20231129T092012_2333306_033
1989,EMIT_L2A_RFL_001_20231129T092012_2333306_033
1990,EMIT_L2A_RFL_001_20231129T092012_2333306_033
1991,EMIT_L2A_RFL_001_20231129T092024_2333306_034
1995,EMIT_L2A_RFL_001_20231130T100700_2333407_045
2002,EMIT_L2A_RFL_001_20231201T091939_2333506_040
2003,EMIT_L2A_RFL_001_20231201T183525_2333512_014
2004,EMIT_L2A_RFL_001_20231201T183549_2333512_016
2005,EMIT_L2A_RFL_001_20231201T183549_2333512_016
2006,EMIT_L2A_RFL_001_20231201T183549_2333512_016
2007,EMIT_L2A_RFL_001_20231201T183549_2333512_016
2008,EMIT_L2A_RFL_001_20231201T183549_2333512_016
2009,EMIT_L2A_RFL_001_20231201T183549_2333512_016
2010,EMIT_L2A_RFL_001_20231201T183549_2333512_016
2011,EMIT_L2A_RFL_001_20231201T183549_2333512_016
2012,EMIT_L2A_RFL_001_20231201T183601_2333512_017
2016,EMIT_L2A_RFL_001_20231202T083125_2333606_036
2038,EMIT_L2A_RFL_001_20231204T082921_2333806_040
2039,EMIT_L2A_RFL_001_20231204T083032_2333806_046
2046,EMIT_L2A_RFL_001_20231205T165825_2333911_013
2047,EMIT_L2A_RFL_001_20231205T165825_2333911_013
2048,EMIT_L2A_RFL_001_20231205T165825_2333911_013
2049,EMIT_L2A_RFL_001_20231205T165825_2333911_013
2050,EMIT_L2A_RFL_001_20231205T165825_2333911_013
2051,EMIT_L2A_RFL_001_20231205T165825_2333911_013
2052,EMIT_L2A_RFL_001_20231205T165825_2333911_013
2053,EMIT_L2A_RFL_001_20231205T165825_2333911_013
2060,EMIT_L2A_RFL_001_20231220T100611_2335407_005
2062,EMIT_L2A_RFL_001_20231221T170116_2335511_002
2064,EMIT_L2A_RFL_001_20231222T083041_2335606_013
2065,EMIT_L2A_RFL_001_20231222T083041_2335606_013
2066,EMIT_L2A_RFL_001_20231222T083041_2335606_013
2073,EMIT_L2A_RFL_001_20231224T100100_2335807_003
2074,EMIT_L2A_RFL_001_20231224T174522_2335812_005
2075,EMIT_L2A_RFL_001_20231224T174533_2335812_006
2076,EMIT_L2A_RFL_001_20231224T174533_2335812_006
2077,EMIT_L2A_RFL_001_20231224T174533_2335812_006
2078,EMIT_L2A_RFL_001_20231224T174533_2335812_006
2079,EMIT_L2A_RFL_001_20231224T174533_2335812_006
2080,EMIT_L2A_RFL_001_20231224T174533_2335812_006
2081,EMIT_L2A_RFL_001_20231224T174533_2335812_006
2082,EMIT_L2A_RFL_001_20231224T174545_2335812_007
2083,EMIT_L2A_RFL_001_20231224T174545_2335812_007
2084,EMIT_L2A_RFL_001_20231224T174545_2335812_007
2090,EMIT_L2A_RFL_001_20231226T065426_2336005_002
2091,EMIT_L2A_RFL_001_20231226T065438_2336005_003
2092,EMIT_L2A_RFL_001_20231226T065450_2336005_004
2129,EMIT_L2A_RFL_001_20240125T134923_2402509_005
2141,EMIT_L2A_RFL_001_20240127T195904_2402713_008
2142,EMIT_L2A_RFL_001_20240127T195904_2402713_008
2143,EMIT_L2A_RFL_001_20240127T195904_2402713_008
2144,EMIT_L2A_RFL_001_20240127T195915_2402713_009
2145,EMIT_L2A_RFL_001_20240127T195904_2402713_008
2146,EMIT_L2A_RFL_001_20240127T195915_2402713_009
2147,EMIT_L2A_RFL_001_20240127T195904_2402713_008
2155,EMIT_L2A_RFL_001_20240129T090750_2402906_014
2162,EMIT_L2A_RFL_001_20240129T182622_2402912_015
2163,EMIT_L2A_RFL_001_20240129T182622_2402912_015
2164,EMIT_L2A_RFL_001_20240129T182622_2402912_015
2165,EMIT_L2A_RFL_001_20240129T182622_2402912_015
2166,EMIT_L2A_RFL_001_20240129T195857_2402913_005
2188,EMIT_L2A_RFL_001_20240130T173950_2403012_012
2189,EMIT_L2A_RFL_001_20240130T173950_2403012_012
2192,EMIT_L2A_RFL_001_20240131T090823_2403106_011
2213,EMIT_L2A_RFL_001_20240202T165045_2403311_004
2214,EMIT_L2A_RFL_001_20240202T165144_2403311_009
2215,EMIT_L2A_RFL_001_20240202T165156_2403311_010
2216,EMIT_L2A_RFL_001_20240202T165156_2403311_010
2217,EMIT_L2A_RFL_001_20240202T165156_2403311_010
2218,EMIT_L2A_RFL_001_20240202T165156_2403311_010
2222,EMIT_L2A_RFL_001_20240203T082109_2403406_029
2230,EMIT_L2A_RFL_001_20240203T160447_2403411_008
2231,EMIT_L2A_RFL_001_20240203T160511_2403411_010
2232,EMIT_L2A_RFL_001_20240204T165003_2403511_008
2242,EMIT_L2A_RFL_001_20240212T214756_2404314_021
2243,EMIT_L2A_RFL_001_20240212T214808_2404314_022
2244,EMIT_L2A_RFL_001_20240212T214820_2404314_023
2245,EMIT_L2A_RFL_001_20240212T214820_2404314_023
2246,EMIT_L2A_RFL_001_20240212T214820_2404314_023
2247,EMIT_L2A_RFL_001_20240212T214832_2404314_024
2248,EMIT_L2A_RFL_001_20240212T214832_2404314_024
2249,EMIT_L2A_RFL_001_20240212T214843_2404314_025
2250,EMIT_L2A_RFL_001_20240212T214843_2404314_025
2253,EMIT_L2A_RFL_001_20240213T114455_2404408_013
2257,EMIT_L2A_RFL_001_20240214T092407_2404506_020
2258,EMIT_L2A_RFL_001_20240214T105745_2404507_024
2272,EMIT_L2A_RFL_001_20240216T140040_2404709_004
2273,EMIT_L2A_RFL_001_20240216T201122_2404713_016
2293,EMIT_L2A_RFL_001_20240217T052842_2404804_016
2294,EMIT_L2A_RFL_001_20240217T052842_2404804_016
2295,EMIT_L2A_RFL_001_20240217T052842_2404804_016
2296,EMIT_L2A_RFL_001_20240217T100816_2404807_012
2306,EMIT_L2A_RFL_001_20240223T161201_2405411_018
2313,EMIT_L2A_RFL_001_20240224T165801_2405511_015
2336,EMIT_L2A_RFL_001_20240225T021512_2405602_013
2340,EMIT_L2A_RFL_001_20240226T074044_2405705_006
2341,EMIT_L2A_RFL_001_20240226T074056_2405705_007
2342,EMIT_L2A_RFL_001_20240226T074056_2405705_007
2344,EMIT_L2A_RFL_001_20240226T091316_2405706_006
2345,EMIT_L2A_RFL_001_20240226T091316_2405706_006
2346,EMIT_L2A_RFL_001_20240226T091316_2405706_006
2352,EMIT_L2A_RFL_001_20240227T095957_2405807_001
2379,EMIT_L2A_RFL_001_20240323T114142_2408308_012
2380,EMIT_L2A_RFL_001_20240323T114153_2408308_013
2381,EMIT_L2A_RFL_001_20240323T144813_2408310_003
2384,EMIT_L2A_RFL_001_20240323T210012_2408314_008
2385,EMIT_L2A_RFL_001_20240324T201344_2408413_009
2409,EMIT_L2A_RFL_001_20240327T100708_2408707_010
2410,EMIT_L2A_RFL_001_20240327T100708_2408707_010
2411,EMIT_L2A_RFL_001_20240327T100708_2408707_010
2412,EMIT_L2A_RFL_001_20240327T131334_2408709_001
2413,EMIT_L2A_RFL_001_20240327T131334_2408709_001
2421,EMIT_L2A_RFL_001_20240328T105328_2408807_023
2422,EMIT_L2A_RFL_001_20240328T105328_2408807_023
2423,EMIT_L2A_RFL_001_20240328T105340_2408807_024
2424,EMIT_L2A_RFL_001_20240328T105436_2408807_027
2429,EMIT_L2A_RFL_001_20240328T201048_2408813_003
2433,EMIT_L2A_RFL_001_20240329T100659_2408907_009
2441,EMIT_L2A_RFL_001_20240331T083138_2409106_016
2442,EMIT_L2A_RFL_001_20240331T113753_2409108_006
2443,EMIT_L2A_RFL_001_20240331T113753_2409108_006
2444,EMIT_L2A_RFL_001_20240331T113753_2409108_006
2445,EMIT_L2A_RFL_001_20240331T113753_2409108_006
2446,EMIT_L2A_RFL_001_20240331T113753_2409108_006
2451,EMIT_L2A_RFL_001_20240414T145436_2410510_002
2485,EMIT_L2A_RFL_001_20240416T114738_2410708_028
2494,EMIT_L2A_RFL_001_20240417T105919_2410807_020
2495,EMIT_L2A_RFL_001_20240417T105919_2410807_020
2496,EMIT_L2A_RFL_001_20240417T105931_2410807_021
2499,EMIT_L2A_RFL_001_20240418T101036_2410907_026
2509,EMIT_L2A_RFL_001_20240419T092423_2411006_028
2510,EMIT_L2A_RFL_001_20240419T092423_2411006_028
2511,EMIT_L2A_RFL_001_20240419T092423_2411006_028
2512,EMIT_L2A_RFL_001_20240419T092423_2411006_028
2513,EMIT_L2A_RFL_001_20240419T092423_2411006_028
2514,EMIT_L2A_RFL_001_20240419T092435_2411006_029
2515,EMIT_L2A_RFL_001_20240419T092435_2411006_029
2516,EMIT_L2A_RFL_001_20240419T092435_2411006_029
2517,EMIT_L2A_RFL_001_20240419T092447_2411006_030
2518,EMIT_L2A_RFL_001_20240419T092447_2411006_030
2522,EMIT_L2A_RFL_001_20240419T201341_2411013_011
2524,EMIT_L2A_RFL_001_20240420T100911_2411107_023
2541,EMIT_L2A_RFL_001_20240422T161601_2411311_026
2571,EMIT_L2A_RFL_001_20240423T074559_2411405_018
2581,EMIT_L2A_RFL_001_20240426T065431_2411705_006
2585,EMIT_L2A_RFL_001_20240427T043332_2411803_013
2586,EMIT_L2A_RFL_001_20240427T073906_2411805_010
2600,EMIT_L2A_RFL_001_20240521T123736_2414209_013
2606,EMIT_L2A_RFL_001_20240522T132101_2414309_002
2607,EMIT_L2A_RFL_001_20240522T145415_2414310_004
2643,EMIT_L2A_RFL_001_20240609T050531_2416104_015
2644,EMIT_L2A_RFL_001_20240609T050607_2416104_018
2645,EMIT_L2A_RFL_001_20240609T050607_2416104_018
2658,EMIT_L2A_RFL_001_20240610T055046_2416204_010
2659,EMIT_L2A_RFL_001_20240610T140044_2416209_026
2667,EMIT_L2A_RFL_001_20240611T131206_2416309_009
2668,EMIT_L2A_RFL_001_20240611T131218_2416309_010
2686,EMIT_L2A_RFL_001_20240621T082524_2417306_036
2687,EMIT_L2A_RFL_001_20240621T082524_2417306_036
2688,EMIT_L2A_RFL_001_20240621T082524_2417306_036
2689,EMIT_L2A_RFL_001_20240621T082536_2417306_037
2690,EMIT_L2A_RFL_001_20240621T082536_2417306_037
2691,EMIT_L2A_RFL_001_20240621T082548_2417306_038
2692,EMIT_L2A_RFL_001_20240621T082548_2417306_038
2693,EMIT_L2A_RFL_001_20240621T082548_2417306_038
2694,EMIT_L2A_RFL_001_20240621T082548_2417306_038
2695,EMIT_L2A_RFL_001_20240621T082548_2417306_038
2696,EMIT_L2A_RFL_001_20240621T082548_2417306_038
2697,EMIT_L2A_RFL_001_20240621T082548_2417306_038
2698,EMIT_L2A_RFL_001_20240621T082612_2417306_040
2707,EMIT_L2A_RFL_001_20240621T174225_2417312_042
2708,EMIT_L2A_RFL_001_20240621T174225_2417312_042
2709,EMIT_L2A_RFL_001_20240621T191507_2417313_009
2710,EMIT_L2A_RFL_001_20240621T191519_2417313_010
2714,EMIT_L2A_RFL_001_20240622T091121_2417406_024
2716,EMIT_L2A_RFL_001_20240622T165556_2417411_045
2723,EMIT_L2A_RFL_001_20240623T095646_2417507_015
2745,EMIT_L2A_RFL_001_20240625T064958_2417705_024
2746,EMIT_L2A_RFL_001_20240625T065010_2417705_025
2747,EMIT_L2A_RFL_001_20240625T065010_2417705_025
2748,EMIT_L2A_RFL_001_20240625T065010_2417705_025
2749,EMIT_L2A_RFL_001_20240625T065021_2417705_026
2750,EMIT_L2A_RFL_001_20240625T065045_2417705_028
2761,EMIT_L2A_RFL_001_20240625T173907_2417712_009
2762,EMIT_L2A_RFL_001_20240625T173919_2417712_010
2763,EMIT_L2A_RFL_001_20240625T173943_2417712_012
2768,EMIT_L2A_RFL_001_20240627T064756_2417905_012
2769,EMIT_L2A_RFL_001_20240627T160532_2417911_013
2782,EMIT_L2A_RFL_001_20240629T051444_2418104_003
2808,EMIT_L2A_RFL_001_20240719T230943_2420115_003
2818,EMIT_L2A_RFL_001_20240722T130241_2420409_016
2825,EMIT_L2A_RFL_001_20240723T152126_2420510_004
2844,EMIT_L2A_RFL_001_20240725T103954_2420707_006
2845,EMIT_L2A_RFL_001_20240725T104005_2420707_007
2846,EMIT_L2A_RFL_001_20240725T104005_2420707_007
2847,EMIT_L2A_RFL_001_20240725T104005_2420707_007
2848,EMIT_L2A_RFL_001_20240725T104005_2420707_007
2849,EMIT_L2A_RFL_001_20240725T104005_2420707_007
2850,EMIT_L2A_RFL_001_20240725T104005_2420707_007
2852,EMIT_L2A_RFL_001_20240725T134613_2420709_005
2856,EMIT_L2A_RFL_001_20240726T112508_2420808_005
2862,EMIT_L2A_RFL_001_20240727T134431_2420909_006
2863,EMIT_L2A_RFL_001_20240727T195453_2420913_014
2864,EMIT_L2A_RFL_001_20240727T195453_2420913_014
2865,EMIT_L2A_RFL_001_20240727T195453_2420913_014
2871,EMIT_L2A_RFL_001_20240729T090210_2421106_009
2875,EMIT_L2A_RFL_001_20240730T094738_2421207_010
2876,EMIT_L2A_RFL_001_20240730T094750_2421207_011
2886,EMIT_L2A_RFL_001_20240730T190438_2421213_007
2888,EMIT_L2A_RFL_001_20240731T181643_2421312_010
2893,EMIT_L2A_RFL_001_20240801T173114_2421412_023
2895,EMIT_L2A_RFL_001_20240802T072513_2421505_009
2896,EMIT_L2A_RFL_001_20240802T103135_2421507_004
2897,EMIT_L2A_RFL_001_20240802T103135_2421507_004
2898,EMIT_L2A_RFL_001_20240802T103135_2421507_004
2899,EMIT_L2A_RFL_001_20240802T103147_2421507_005
2903,EMIT_L2A_RFL_001_20240803T081137_2421606_012
2904,EMIT_L2A_RFL_001_20240803T081137_2421606_012
2905,EMIT_L2A_RFL_001_20240803T081137_2421606_012
2906,EMIT_L2A_RFL_001_20240803T081201_2421606_014
2910,EMIT_L2A_RFL_001_20240803T094458_2421607_011
2921,EMIT_L2A_RFL_001_20240804T103136_2421707_002
2931,EMIT_L2A_RFL_001_20240805T155611_2421811_021
2932,EMIT_L2A_RFL_001_20240805T155611_2421811_021
2934,EMIT_L2A_RFL_001_20240805T172803_2421812_003
2935,EMIT_L2A_RFL_001_20240805T172803_2421812_003
2937,EMIT_L2A_RFL_001_20240806T085622_2421906_005
2938,EMIT_L2A_RFL_001_20240806T085622_2421906_005
2939,EMIT_L2A_RFL_001_20240806T085622_2421906_005
2940,EMIT_L2A_RFL_001_20240806T085622_2421906_005
2941,EMIT_L2A_RFL_001_20240806T085622_2421906_005
2943,EMIT_L2A_RFL_001_20240807T063606_2422005_002
2944,EMIT_L2A_RFL_001_20240807T063606_2422005_002
2965,EMIT_L2A_RFL_001_20240812T213903_2422514_030
2966,EMIT_L2A_RFL_001_20240812T213903_2422514_030
2967,EMIT_L2A_RFL_001_20240812T213903_2422514_030
2968,EMIT_L2A_RFL_001_20240812T213903_2422514_030
2969,EMIT_L2A_RFL_001_20240812T213903_2422514_030
2970,EMIT_L2A_RFL_001_20240812T213903_2422514_030
2971,EMIT_L2A_RFL_001_20240812T213903_2422514_030
2972,EMIT_L2A_RFL_001_20240813T113517_2422608_030
2976,EMIT_L2A_RFL_001_20240815T113240_2422808_018
2980,EMIT_L2A_RFL_001_20240816T200144_2422913_032
3011,EMIT_L2A_RFL_001_20240821T081938_2423406_030
3012,EMIT_L2A_RFL_001_20240821T081938_2423406_030
3013,EMIT_L2A_RFL_001_20240821T081938_2423406_030
3014,EMIT_L2A_RFL_001_20240821T081949_2423406_031
3015,EMIT_L2A_RFL_001_20240821T081949_2423406_031
3016,EMIT_L2A_RFL_001_20240821T081949_2423406_031
3017,EMIT_L2A_RFL_001_20240821T082001_2423406_032
3025,EMIT_L2A_RFL_001_20240821T173636_2423412_034
3029,EMIT_L2A_RFL_001_20240823T081638_2423605_024
3030,EMIT_L2A_RFL_001_20240823T094847_2423606_010
3034,EMIT_L2A_RFL_001_20240823T160015_2423610_020
3035,EMIT_L2A_RFL_001_20240823T173410_2423611_025
3036,EMIT_L2A_RFL_001_20240823T173410_2423611_025
3037,EMIT_L2A_RFL_001_20240823T173410_2423611_025
3038,EMIT_L2A_RFL_001_20240823T173410_2423611_025
3039,EMIT_L2A_RFL_001_20240823T173421_2423611_026
3044,EMIT_L2A_RFL_001_20240824T103424_2423707_003
3047,EMIT_L2A_RFL_001_20240824T164702_2423711_021
3050,EMIT_L2A_RFL_001_20240825T064225_2423804_017
3051,EMIT_L2A_RFL_001_20240825T064225_2423804_017
3052,EMIT_L2A_RFL_001_20240825T064225_2423804_017
3053,EMIT_L2A_RFL_001_20240825T064237_2423804_018
3054,EMIT_L2A_RFL_001_20240825T064249_2423804_019
3064,EMIT_L2A_RFL_001_20240825T173104_2423811_007
3065,EMIT_L2A_RFL_001_20240825T173127_2423811_009
3066,EMIT_L2A_RFL_001_20240825T173127_2423811_009
3067,EMIT_L2A_RFL_001_20240825T173139_2423811_010
3068,EMIT_L2A_RFL_001_20240825T173151_2423811_011
3071,EMIT_L2A_RFL_001_20240826T151037_2423910_002
3075,EMIT_L2A_RFL_001_20240827T155722_2424010_002
3076,EMIT_L2A_RFL_001_20240827T155734_2424010_003
3108,EMIT_L2A_RFL_001_20240925T100112_2426907_015
3114,EMIT_L2A_RFL_001_20240928T074111_2427205_004
3122,EMIT_L2A_RFL_001_20240929T082533_2427306_013
3123,EMIT_L2A_RFL_001_20240929T113148_2427308_006
3124,EMIT_L2A_RFL_001_20240929T113148_2427308_006
3125,EMIT_L2A_RFL_001_20240929T113148_2427308_006
3129,EMIT_L2A_RFL_001_20240930T091121_2427406_019
3130,EMIT_L2A_RFL_001_20240930T091133_2427406_020
3131,EMIT_L2A_RFL_001_20240930T091145_2427406_021
3137,EMIT_L2A_RFL_001_20240930T104454_2427407_008
3144,EMIT_L2A_RFL_001_20241005T160540_2427911_010
3145,EMIT_L2A_RFL_001_20241005T160604_2427911_012
3171,EMIT_L2A_RFL_001_20241007T064705_2428105_007
3176,EMIT_L2A_RFL_001_20241007T143248_2428110_011
3177,EMIT_L2A_RFL_001_20241007T143248_2428110_011
3185,EMIT_L2A_RFL_001_20241008T060159_2428204_006
3186,EMIT_L2A_RFL_001_20241008T060159_2428204_006
3189,EMIT_L2A_RFL_001_20241008T060159_2428204_006
3196,EMIT_L2A_RFL_001_20241012T123436_2428608_019
3226,EMIT_L2A_RFL_001_20241014T105920_2428807_020
3228,EMIT_L2A_RFL_001_20241014T201645_2428813_038
3229,EMIT_L2A_RFL_001_20241014T201645_2428813_038
3233,EMIT_L2A_RFL_001_20241015T114628_2428908_026
3235,EMIT_L2A_RFL_001_20241015T131842_2428909_014
3236,EMIT_L2A_RFL_001_20241015T131842_2428909_014
3242,EMIT_L2A_RFL_001_20241016T105826_2429007_008
3246,EMIT_L2A_RFL_001_20241018T184113_2429212_011
3248,EMIT_L2A_RFL_001_20241020T092144_2429406_003
3249,EMIT_L2A_RFL_001_20241020T170504_2429411_003
3250,EMIT_L2A_RFL_001_20241020T170504_2429411_003
3252,EMIT_L2A_RFL_001_20241022T074714_2429605_006
3253,EMIT_L2A_RFL_001_20241022T074714_2429605_006
3254,EMIT_L2A_RFL_001_20241022T074714_2429605_006
3255,EMIT_L2A_RFL_001_20241022T074714_2429605_006
3256,EMIT_L2A_RFL_001_20241022T074714_2429605_006
3257,EMIT_L2A_RFL_001_20241022T183632_2429612_001
3304,EMIT_L2A_RFL_001_20241130T180310_2433512_007
3305,EMIT_L2A_RFL_001_20241130T180310_2433512_007
3306,EMIT_L2A_RFL_001_20241130T180334_2433512_009
3307,EMIT_L2A_RFL_001_20241130T180334_2433512_009
3308,EMIT_L2A_RFL_001_20241130T180334_2433512_009
3309,EMIT_L2A_RFL_001_20241130T180334_2433512_009
3316,EMIT_L2A_RFL_001_20241202T071056_2433705_010
3317,EMIT_L2A_RFL_001_20241202T071056_2433705_010
3318,EMIT_L2A_RFL_001_20241202T071056_2433705_010
3319,EMIT_L2A_RFL_001_20241202T071108_2433705_011
3320,EMIT_L2A_RFL_001_20241202T071056_2433705_010
3323,EMIT_L2A_RFL_001_20241202T162913_2433711_026
3324,EMIT_L2A_RFL_001_20241202T162913_2433711_026
3325,EMIT_L2A_RFL_001_20241202T162913_2433711_026
3326,EMIT_L2A_RFL_001_20241202T162913_2433711_026
3327,EMIT_L2A_RFL_001_20241202T162913_2433711_026
3328,EMIT_L2A_RFL_001_20241202T180154_2433712_009
3329,EMIT_L2A_RFL_001_20241203T075709_2433806_029
3335,EMIT_L2A_RFL_001_20241215T111118_2435007_003
3336,EMIT_L2A_RFL_001_20241215T111130_2435007_004
3337,EMIT_L2A_RFL_001_20241215T185538_2435012_008
3349,EMIT_L2A_RFL_001_20241216T132828_2435109_003
3350,EMIT_L2A_RFL_001_20241216T193938_2435113_008
3375,EMIT_L2A_RFL_001_20241217T093554_2435206_014
3376,EMIT_L2A_RFL_001_20241217T093554_2435206_014
3377,EMIT_L2A_RFL_001_20241217T093554_2435206_014
3378,EMIT_L2A_RFL_001_20241217T093554_2435206_014
3427,EMIT_L2A_RFL_001_20250125T134206_2502509_008
3445,EMIT_L2A_RFL_001_20250128T094546_2502807_030
3448,EMIT_L2A_RFL_001_20250129T181358_2502912_005
3454,EMIT_L2A_RFL_001_20250130T080956_2503006_025
3455,EMIT_L2A_RFL_001_20250130T080956_2503006_025
3456,EMIT_L2A_RFL_001_20250130T080956_2503006_025
3473,EMIT_L2A_RFL_001_20250131T072058_2503105_017
3475,EMIT_L2A_RFL_001_20250131T072110_2503105_018
3478,EMIT_L2A_RFL_001_20250131T102715_2503107_010
3479,EMIT_L2A_RFL_001_20250131T102715_2503107_010
3496,EMIT_L2A_RFL_001_20250201T080612_2503206_025
3497,EMIT_L2A_RFL_001_20250201T080612_2503206_025
3498,EMIT_L2A_RFL_001_20250201T080612_2503206_025
3499,EMIT_L2A_RFL_001_20250201T080636_2503206_027
3500,EMIT_L2A_RFL_001_20250201T080636_2503206_027
3517,EMIT_L2A_RFL_001_20250201T093932_2503207_018
3518,EMIT_L2A_RFL_001_20250201T093932_2503207_018
3520,EMIT_L2A_RFL_001_20250201T155156_2503211_025
3527,EMIT_L2A_RFL_001_20250203T045947_2503404_016
3537,EMIT_L2A_RFL_001_20250212T134600_2504309_010
3538,EMIT_L2A_RFL_001_20250212T134648_2504309_014
3539,EMIT_L2A_RFL_001_20250212T134700_2504309_015
3540,EMIT_L2A_RFL_001_20250212T134700_2504309_015
3541,EMIT_L2A_RFL_001_20250212T134700_2504309_015
3542,EMIT_L2A_RFL_001_20250212T134700_2504309_015
3543,EMIT_L2A_RFL_001_20250212T134723_2504309_017
3553,EMIT_L2A_RFL_001_20250215T095144_2504607_001
3557,EMIT_L2A_RFL_001_20250217T094928_2504807_003
3558,EMIT_L2A_RFL_001_20250217T125539_2504809_001
3559,EMIT_L2A_RFL_001_20250217T173244_2504812_001
3560,EMIT_L2A_RFL_001_20250217T173256_2504812_002
3566,EMIT_L2A_RFL_001_20250219T081432_2505006_005
3567,EMIT_L2A_RFL_001_20250219T081432_2505006_005
3568,EMIT_L2A_RFL_001_20250219T081432_2505006_005
3569,EMIT_L2A_RFL_001_20250219T081432_2505006_005
3570,EMIT_L2A_RFL_001_20250219T081432_2505006_005
3571,EMIT_L2A_RFL_001_20250219T081432_2505006_005
3572,EMIT_L2A_RFL_001_20250219T081443_2505006_006
3573,EMIT_L2A_RFL_001_20250219T081443_2505006_006
3574,EMIT_L2A_RFL_001_20250219T081443_2505006_006
3575,EMIT_L2A_RFL_001_20250219T081443_2505006_006
3576,EMIT_L2A_RFL_001_20250219T081443_2505006_006
3577,EMIT_L2A_RFL_001_20250219T081443_2505006_006
3578,EMIT_L2A_RFL_001_20250219T081455_2505006_007
3580,EMIT_L2A_RFL_001_20250219T081455_2505006_007
3590,EMIT_L2A_RFL_001_20250219T190356_2505013_002
3631,EMIT_L2A_RFL_001_20250323T195010_2508213_017
3632,EMIT_L2A_RFL_001_20250323T212330_2508214_007
3633,EMIT_L2A_RFL_001_20250323T212330_2508214_007
3634,EMIT_L2A_RFL_001_20250323T212330_2508214_007
3635,EMIT_L2A_RFL_001_20250323T212330_2508214_007
3636,EMIT_L2A_RFL_001_20250323T212330_2508214_007
3637,EMIT_L2A_RFL_001_20250323T212330_2508214_007
3638,EMIT_L2A_RFL_001_20250323T212330_2508214_007
3639,EMIT_L2A_RFL_001_20250323T212330_2508214_007
3640,EMIT_L2A_RFL_001_20250323T212330_2508214_007
3641,EMIT_L2A_RFL_001_20250323T212330_2508214_007
3643,EMIT_L2A_RFL_001_20250324T203622_2508313_008
3644,EMIT_L2A_RFL_001_20250324T203634_2508313_009
3645,EMIT_L2A_RFL_001_20250324T203634_2508313_009
3646,EMIT_L2A_RFL_001_20250324T203634_2508313_009
3651,EMIT_L2A_RFL_001_20250412T213405_2510214_031
3652,EMIT_L2A_RFL_001_20250420T182309_2511012_030
3653,EMIT_L2A_RFL_001_20250421T173559_2511111_026
3654,EMIT_L2A_RFL_001_20250501T125402_2512108_002
3684,EMIT_L2A_RFL_001_20250522T113203_2514208_018
3685,EMIT_L2A_RFL_001_20250522T113215_2514208_019
3686,EMIT_L2A_RFL_001_20250522T113215_2514208_019
3687,EMIT_L2A_RFL_001_20250522T113215_2514208_019
3688,EMIT_L2A_RFL_001_20250522T113215_2514208_019
3689,EMIT_L2A_RFL_001_20250522T113203_2514208_018
3703,EMIT_L2A_RFL_001_20250526T082401_2514606_008
3726,EMIT_L2A_RFL_001_20250527T104203_2514707_014
3727,EMIT_L2A_RFL_001_20250527T104203_2514707_014
3734,EMIT_L2A_RFL_001_20250528T130156_2514809_004
3735,EMIT_L2A_RFL_001_20250528T130156_2514809_004
3737,EMIT_L2A_RFL_001_20250529T042958_2514903_030
3738,EMIT_L2A_RFL_001_20250529T042946_2514903_029
3739,EMIT_L2A_RFL_001_20250529T042958_2514903_030
3740,EMIT_L2A_RFL_001_20250529T042958_2514903_030
3758,EMIT_L2A_RFL_001_20250529T182455_2514912_011
3764,EMIT_L2A_RFL_001_20250531T165013_2515111_015
3768,EMIT_L2A_RFL_001_20250602T164823_2515311_012
3769,EMIT_L2A_RFL_001_20250602T165010_2515311_021
3770,EMIT_L2A_RFL_001_20250602T182231_2515312_003
3771,EMIT_L2A_RFL_001_20250602T182231_2515312_003
3776,EMIT_L2A_RFL_001_20250603T160149_2515411_024
3777,EMIT_L2A_RFL_001_20250603T160225_2515411_027
3778,EMIT_L2A_RFL_001_20250603T160225_2515411_027
3779,EMIT_L2A_RFL_001_20250603T160225_2515411_027
3780,EMIT_L2A_RFL_001_20250603T160225_2515411_027
3781,EMIT_L2A_RFL_001_20250603T173453_2515412_004
3782,EMIT_L2A_RFL_001_20250603T173453_2515412_004
3829,EMIT_L2A_RFL_001_20250604T073039_2515505_010
3936,EMIT_L2A_RFL_001_20250613T205432_2516413_032
3937,EMIT_L2A_RFL_001_20250613T205432_2516413_032
3938,EMIT_L2A_RFL_001_20250614T105041_2516507_026
3945,EMIT_L2A_RFL_001_20250620T165341_2517111_037
3961,EMIT_L2A_RFL_001_20250626T055804_2517704_014
3962,EMIT_L2A_RFL_001_20250626T055804_2517704_014
3963,EMIT_L2A_RFL_001_20250626T055804_2517704_014
3964,EMIT_L2A_RFL_001_20250626T055804_2517704_014
3965,EMIT_L2A_RFL_001_20250626T055804_2517704_014
3966,EMIT_L2A_RFL_001_20250626T055804_2517704_014
3967,EMIT_L2A_RFL_001_20250626T055804_2517704_014
3968,EMIT_L2A_RFL_001_20250626T055816_2517704_015
3969,EMIT_L2A_RFL_001_20250626T055816_2517704_015
3970,EMIT_L2A_RFL_001_20250626T055816_2517704_015
3971,EMIT_L2A_RFL_001_20250626T055816_2517704_015
3972,EMIT_L2A_RFL_001_20250626T055816_2517704_015
3973,EMIT_L2A_RFL_001_20250626T055816_2517704_015
3974,EMIT_L2A_RFL_001_20250626T055816_2517704_015
3975,EMIT_L2A_RFL_001_20250626T055828_2517704_016
3976,EMIT_L2A_RFL_001_20250627T155956_2517810_004
3983,EMIT_L2A_RFL_001_20250728T093359_2520906_016
3994,EMIT_L2A_RFL_001_20250808T144449_2522010_003
3995,EMIT_L2A_RFL_001_20250808T144449_2522010_003
3996,EMIT_L2A_RFL_001_20250808T144449_2522010_003
3997,EMIT_L2A_RFL_001_20250808T144449_2522010_003
3998,EMIT_L2A_RFL_001_20250808T144449_2522010_003
3999,EMIT_L2A_RFL_001_20250808T144449_2522010_003
4000,EMIT_L2A_RFL_001_20250808T144449_2522010_003
4001,EMIT_L2A_RFL_001_20250808T144449_2522010_003
4002,EMIT_L2A_RFL_001_20250808T144449_2522010_003
4003,EMIT_L2A_RFL_001_20250808T144449_2522010_003
4028,EMIT_L2A_RFL_001_20250820T084334_2523206_013
4034,EMIT_L2A_RFL_001_20241004T165227_2427811_011
4035,EMIT_L2A_RFL_001_20241014T062114_2428804_018
4049,EMIT_L2A_RFL_001_20250201T080636_2503206_027
4050,EMIT_L2A_RFL_001_20250201T080636_2503206_027
4071,EMIT_L2A_RFL_001_20250330T093903_2508906_016
4073,EMIT_L2A_RFL_001_20250330T093903_2508906_016
4150,EMIT_L2A_RFL_001_20250529T042958_2514903_030
4162,EMIT_L2A_RFL_001_20250611T100634_2516206_021
4187,EMIT_L2A_RFL_001_20250729T084601_2521006_019
4188,EMIT_L2A_RFL_001_20250729T180359_2521012_026
4198,EMIT_L2A_RFL_001_20250808T144437_2522010_002
4199,EMIT_L2A_RFL_001_20250808T144437_2522010_002
4200,EMIT_L2A_RFL_001_20250808T144437_2522010_002
4201,EMIT_L2A_RFL_001_20250808T144437_2522010_002
4202,EMIT_L2A_RFL_001_20250808T144437_2522010_002
4203,EMIT_L2A_RFL_001_20250808T144437_2522010_002
4204,EMIT_L2A_RFL_001_20250808T144437_2522010_002
4205,EMIT_L2A_RFL_001_20250808T144437_2522010_002
4206,EMIT_L2A_RFL_001_20250808T144437_2522010_002
4207,EMIT_L2A_RFL_001_20250808T144437_2522010_002
4208,EMIT_L2A_RFL_001_20250808T144437_2522010_002
4209,EMIT_L2A_RFL_001_20250808T144437_2522010_002
4210,EMIT_L2A_RFL_001_20250808T144437_2522010_002
4211,EMIT_L2A_RFL_001_20250808T144437_2522010_002
4212,EMIT_L2A_RFL_001_20250808T144437_2522010_002
