plume_id,datetime,sensor,raw_path,used_path,status,message
emi20231010t052236p04020-C,2023-10-10T05:22:36+00,S2,/mnt/engg-leung/Research_No9_Methane_Emissions/Yuyao/Dataset/plume_raw_s2_-790360_512/emi20231010t052236p04020-C/s2_0_std_512.tif,/mnt/engg-leung/Research_No9_Methane_Emissions/Yuyao/Dataset/plume_raw_s2_-790360_512/emi20231010t052236p04020-C/s2_0_std_512.tif,ok,
emi20231010t052236p04020-C,2023-10-10T05:22:36+00,L89,/mnt/engg-leung/Research_No9_Methane_Emissions/Yuyao/Dataset/data_dir_l89_L2SR/L89_-790360_512std/emi20231010t052236p04020-C/l89_0_std_512.tif,/mnt/engg-leung/Research_No9_Methane_Emissions/Yuyao/Dataset/data_dir_l89_L2SR/L89_-790360_512std/emi20231010t052236p04020-C/l89_0_std_512.tif,ok,
emi20231010t052236p04020-C,2023-10-10T05:22:36+00,EMIT,/mnt/engg-leung/Research_No9_Methane_Emissions/Yuyao/EMIT_simulated_WV3_L2A_60resolution_NOnorm/emi20231010t052236p04020-C_sim_WV3.tif,/mnt/engg-leung/Research_No9_Methane_Emissions/Yuyao/EMIT_simulated_WV3_L2A_60resolution_NOnorm/emi20231010t052236p04020-C_sim_WV3.tif,ok,
emi20231010t052236p04020-C,2023-10-10T05:22:36+00,S5P,/mnt/engg-leung/Research_No9_Methane_Emissions/Yuyao/data_download/raw_data_dir_s5p/S5P_OFFL_L2__CH4____20231009T072551_20231009T090720_31027_03_020500_20231010T233758.nc,/mnt/engg-leung/Research_No9_Methane_Emissions/Yuyao/data_download/raw_data_dir_s5p/S5P_OFFL_L2__CH4____20231009T072551_20231009T090720_31027_03_020500_20231010T233758.nc,ok,
emi20240130t112621p08007-B,2024-01-30T11:26:21+00,S2,/mnt/engg-leung/Research_No9_Methane_Emissions/Yuyao/Dataset/plume_raw_s2_-790360_512/emi20240130t112621p08007-B/s2_0_std_512.tif,/mnt/engg-leung/Research_No9_Methane_Emissions/Yuyao/Dataset/plume_raw_s2_-790360_512/emi20240130t112621p08007-B/s2_0_std_512.tif,ok,
emi20240130t112621p08007-B,2024-01-30T11:26:21+00,L89,/mnt/engg-leung/Research_No9_Methane_Emissions/Yuyao/Dataset/data_dir_l89_L2SR/L89_-790360_512std/emi20240130t112621p08007-B/l89_0_std_512.tif,/mnt/engg-leung/Research_No9_Methane_Emissions/Yuyao/Dataset/data_dir_l89_L2SR/L89_-790360_512std/emi20240130t112621p08007-B/l89_0_std_512.tif,ok,
emi20240130t112621p08007-B,2024-01-30T11:26:21+00,EMIT,/mnt/engg-leung/Research_No9_Methane_Emissions/Yuyao/EMIT_simulated_WV3_L2A_60resolution_NOnorm/emi20240130t112621p08007-B_sim_WV3.tif,/mnt/engg-leung/Research_No9_Methane_Emissions/Yuyao/EMIT_simulated_WV3_L2A_60resolution_NOnorm/emi20240130t112621p08007-B_sim_WV3.tif,ok,
emi20240130t112621p08007-B,2024-01-30T11:26:21+00,S5P,/mnt/engg-leung/Research_No9_Methane_Emissions/Yuyao/data_download/raw_data_dir_s5p/S5P_OFFL_L2__CH4____20240130T120638_20240130T134808_32633_03_020600_20240202T045014.nc,/mnt/engg-leung/Research_No9_Methane_Emissions/Yuyao/data_download/raw_data_dir_s5p/S5P_OFFL_L2__CH4____20240130T120638_20240130T134808_32633_03_020600_20240202T045014.nc,ok,
emi20240621t082746p06048-B,2024-06-21T08:27:46+00,S2,/mnt/engg-leung/Research_No9_Methane_Emissions/Yuyao/Dataset/plume_raw_s2_-790360_512/emi20240621t082746p06048-B/s2_0_std_512.tif,/mnt/engg-leung/Research_No9_Methane_Emissions/Yuyao/Dataset/plume_raw_s2_-790360_512/emi20240621t082746p06048-B/s2_0_std_512.tif,ok,
emi20240621t082746p06048-B,2024-06-21T08:27:46+00,L89,/mnt/engg-leung/Research_No9_Methane_Emissions/Yuyao/Dataset/data_dir_l89_L2SR/L89_-790360_512std/emi20240621t082746p06048-B/l89_0_std_512.tif,/mnt/engg-leung/Research_No9_Methane_Emissions/Yuyao/Dataset/data_dir_l89_L2SR/L89_-790360_512std/emi20240621t082746p06048-B/l89_0_std_512.tif,ok,
emi20240621t082746p06048-B,2024-06-21T08:27:46+00,EMIT,/mnt/engg-leung/Research_No9_Methane_Emissions/Yuyao/EMIT_simulated_WV3_L2A_60resolution_NOnorm/emi20240621t082746p06048-B_sim_WV3.tif,/mnt/engg-leung/Research_No9_Methane_Emissions/Yuyao/EMIT_simulated_WV3_L2A_60resolution_NOnorm/emi20240621t082746p06048-B_sim_WV3.tif,ok,
emi20240621t082746p06048-B,2024-06-21T08:27:46+00,S5P,/mnt/engg-leung/Research_No9_Methane_Emissions/Yuyao/data_download/raw_data_dir_s5p/S5P_OFFL_L2__CH4____20240621T091435_20240621T105604_34660_03_020600_20240623T012813.nc,/mnt/engg-leung/Research_No9_Methane_Emissions/Yuyao/data_download/raw_data_dir_s5p/S5P_OFFL_L2__CH4____20240621T091435_20240621T105604_34660_03_020600_20240623T012813.nc,ok,
emi20240825t064423p04027-B,2024-08-25T06:44:23+00,S2,/mnt/engg-leung/Research_No9_Methane_Emissions/Yuyao/Dataset/plume_raw_s2_-790360_512/emi20240825t064423p04027-B/s2_0_std_512.tif,/mnt/engg-leung/Research_No9_Methane_Emissions/Yuyao/Dataset/plume_raw_s2_-790360_512/emi20240825t064423p04027-B/s2_0_std_512.tif,ok,
emi20240825t064423p04027-B,2024-08-25T06:44:23+00,L89,/mnt/engg-leung/Research_No9_Methane_Emissions/Yuyao/Dataset/data_dir_l89_L2SR/L89_-790360_512std/emi20240825t064423p04027-B/l89_0_std_512.tif,/mnt/engg-leung/Research_No9_Methane_Emissions/Yuyao/Dataset/data_dir_l89_L2SR/L89_-790360_512std/emi20240825t064423p04027-B/l89_0_std_512.tif,ok,
emi20240825t064423p04027-B,2024-08-25T06:44:23+00,EMIT,/mnt/engg-leung/Research_No9_Methane_Emissions/Yuyao/EMIT_simulated_WV3_L2A_60resolution_NOnorm/emi20240825t064423p04027-B_sim_WV3.tif,/mnt/engg-leung/Research_No9_Methane_Emissions/Yuyao/EMIT_simulated_WV3_L2A_60resolution_NOnorm/emi20240825t064423p04027-B_sim_WV3.tif,ok,
emi20240825t064423p04027-B,2024-08-25T06:44:23+00,S5P,/mnt/engg-leung/Research_No9_Methane_Emissions/Yuyao/data_download/raw_data_dir_s5p/S5P_OFFL_L2__CH4____20240825T085147_20240825T103317_35582_03_020600_20240827T010319.nc,/mnt/engg-leung/Research_No9_Methane_Emissions/Yuyao/data_download/raw_data_dir_s5p/S5P_OFFL_L2__CH4____20240825T085147_20240825T103317_35582_03_020600_20240827T010319.nc,ok,
emi20240930t091314p06024-C,2024-09-30T09:13:14+00,S2,/mnt/engg-leung/Research_No9_Methane_Emissions/Yuyao/Dataset/plume_raw_s2_-790360_512/emi20240930t091314p06024-C/s2_0_std_512.tif,/mnt/engg-leung/Research_No9_Methane_Emissions/Yuyao/Dataset/plume_raw_s2_-790360_512/emi20240930t091314p06024-C/s2_0_std_512.tif,ok,
emi20240930t091314p06024-C,2024-09-30T09:13:14+00,L89,/mnt/engg-leung/Research_No9_Methane_Emissions/Yuyao/Dataset/data_dir_l89_L2SR/L89_-790360_512std/emi20240930t091314p06024-C/l89_0_std_512.tif,/mnt/engg-leung/Research_No9_Methane_Emissions/Yuyao/Dataset/data_dir_l89_L2SR/L89_-790360_512std/emi20240930t091314p06024-C/l89_0_std_512.tif,ok,
emi20240930t091314p06024-C,2024-09-30T09:13:14+00,EMIT,/mnt/engg-leung/Research_No9_Methane_Emissions/Yuyao/EMIT_simulated_WV3_L2A_60resolution_NOnorm/emi20240930t091314p06024-C_sim_WV3.tif,/mnt/engg-leung/Research_No9_Methane_Emissions/Yuyao/EMIT_simulated_WV3_L2A_60resolution_NOnorm/emi20240930t091314p06024-C_sim_WV3.tif,ok,
emi20240930t091314p06024-C,2024-09-30T09:13:14+00,S5P,/mnt/engg-leung/Research_No9_Methane_Emissions/Yuyao/data_download/raw_data_dir_s5p/S5P_OFFL_L2__CH4____20240930T091328_20240930T105458_36093_03_020701_20241005T012820.nc,/mnt/engg-leung/Research_No9_Methane_Emissions/Yuyao/data_download/raw_data_dir_s5p/S5P_OFFL_L2__CH4____20240930T091328_20240930T105458_36093_03_020701_20241005T012820.nc,ok,
emi20241202t071056p05010-D,2024-12-02T07:10:56+00,S2,/mnt/engg-leung/Research_No9_Methane_Emissions/Yuyao/Dataset/plume_raw_s2_-790360_512/emi20241202t071056p05010-D/s2_0_std_512.tif,/mnt/engg-leung/Research_No9_Methane_Emissions/Yuyao/Dataset/plume_raw_s2_-790360_512/emi20241202t071056p05010-D/s2_0_std_512.tif,ok,
emi20241202t071056p05010-D,2024-12-02T07:10:56+00,L89,/mnt/engg-leung/Research_No9_Methane_Emissions/Yuyao/Dataset/data_dir_l89_L2SR/L89_-790360_512std/emi20241202t071056p05010-D/l89_0_std_512.tif,/mnt/engg-leung/Research_No9_Methane_Emissions/Yuyao/Dataset/data_dir_l89_L2SR/L89_-790360_512std/emi20241202t071056p05010-D/l89_0_std_512.tif,ok,
emi20241202t071056p05010-D,2024-12-02T07:10:56+00,EMIT,/mnt/engg-leung/Research_No9_Methane_Emissions/Yuyao/EMIT_simulated_WV3_L2A_60resolution_NOnorm/emi20241202t071056p05010-D_sim_WV3.tif,/mnt/engg-leung/Research_No9_Methane_Emissions/Yuyao/EMIT_simulated_WV3_L2A_60resolution_NOnorm/emi20241202t071056p05010-D_sim_WV3.tif,ok,
emi20241202t071056p05010-D,2024-12-02T07:10:56+00,S5P,/mnt/engg-leung/Research_No9_Methane_Emissions/Yuyao/data_download/raw_data_dir_s5p/S5P_OFFL_L2__CH4____20241201T080407_20241201T094536_36972_03_020800_20241203T002146.nc,/mnt/engg-leung/Research_No9_Methane_Emissions/Yuyao/data_download/raw_data_dir_s5p/S5P_OFFL_L2__CH4____20241201T080407_20241201T094536_36972_03_020800_20241203T002146.nc,ok,
emi20241217t045523p03003-R,2024-12-17T04:55:23+00,S2,/mnt/engg-leung/Research_No9_Methane_Emissions/Yuyao/Dataset/plume_raw_s2_-790360_512/emi20241217t045523p03003-R/s2_0_std_512.tif,/mnt/engg-leung/Research_No9_Methane_Emissions/Yuyao/Dataset/plume_raw_s2_-790360_512/emi20241217t045523p03003-R/s2_0_std_512.tif,ok,
emi20241217t045523p03003-R,2024-12-17T04:55:23+00,L89,/mnt/engg-leung/Research_No9_Methane_Emissions/Yuyao/Dataset/data_dir_l89_L2SR/L89_-790360_512std/emi20241217t045523p03003-R/l89_0_std_512.tif,/mnt/engg-leung/Research_No9_Methane_Emissions/Yuyao/Dataset/data_dir_l89_L2SR/L89_-790360_512std/emi20241217t045523p03003-R/l89_0_std_512.tif,ok,
emi20241217t045523p03003-R,2024-12-17T04:55:23+00,EMIT,/mnt/engg-leung/Research_No9_Methane_Emissions/Yuyao/EMIT_simulated_WV3_L2A_60resolution_NOnorm/emi20241217t045523p03003-R_sim_WV3.tif,/mnt/engg-leung/Research_No9_Methane_Emissions/Yuyao/EMIT_simulated_WV3_L2A_60resolution_NOnorm/emi20241217t045523p03003-R_sim_WV3.tif,ok,
emi20241217t045523p03003-R,2024-12-17T04:55:23+00,S5P,/mnt/engg-leung/Research_No9_Methane_Emissions/Yuyao/data_download/raw_data_dir_s5p/S5P_OFFL_L2__CH4____20241217T044104_20241217T062234_37197_03_020800_20241219T073841.nc,/mnt/engg-leung/Research_No9_Methane_Emissions/Yuyao/data_download/raw_data_dir_s5p/S5P_OFFL_L2__CH4____20241217T044104_20241217T062234_37197_03_020800_20241219T073841.nc,ok,
emi20250128t063810p05012-B,2025-01-28T06:38:10+00,S2,/mnt/engg-leung/Research_No9_Methane_Emissions/Yuyao/Dataset/plume_raw_s2_-790360_512/emi20250128t063810p05012-B/s2_0_std_512.tif,/mnt/engg-leung/Research_No9_Methane_Emissions/Yuyao/Dataset/plume_raw_s2_-790360_512/emi20250128t063810p05012-B/s2_0_std_512.tif,ok,
emi20250128t063810p05012-B,2025-01-28T06:38:10+00,L89,/mnt/engg-leung/Research_No9_Methane_Emissions/Yuyao/Dataset/data_dir_l89_L2SR/L89_-790360_512std/emi20250128t063810p05012-B/l89_0_std_512.tif,/mnt/engg-leung/Research_No9_Methane_Emissions/Yuyao/Dataset/data_dir_l89_L2SR/L89_-790360_512std/emi20250128t063810p05012-B/l89_0_std_512.tif,ok,
emi20250128t063810p05012-B,2025-01-28T06:38:10+00,EMIT,/mnt/engg-leung/Research_No9_Methane_Emissions/Yuyao/EMIT_simulated_WV3_L2A_60resolution_NOnorm/emi20250128t063810p05012-B_sim_WV3.tif,/mnt/engg-leung/Research_No9_Methane_Emissions/Yuyao/EMIT_simulated_WV3_L2A_60resolution_NOnorm/emi20250128t063810p05012-B_sim_WV3.tif,ok,
emi20250128t063810p05012-B,2025-01-28T06:38:10+00,S5P,/mnt/engg-leung/Research_No9_Methane_Emissions/Yuyao/data_download/raw_data_dir_s5p/S5P_OFFL_L2__CH4____20250128T063712_20250128T081842_37794_03_020800_20250129T225324.nc,/mnt/engg-leung/Research_No9_Methane_Emissions/Yuyao/data_download/raw_data_dir_s5p/S5P_OFFL_L2__CH4____20250128T063712_20250128T081842_37794_03_020800_20250129T225324.nc,ok,
